-- phpMyAdmin SQL Dump
-- version 5.2.1
-- https://www.phpmyadmin.net/
--
-- Host: localhost
-- Generation Time: Dec 07, 2024 at 01:21 PM
-- Server version: 10.4.32-MariaDB
-- PHP Version: 8.2.12

SET SQL_MODE = "NO_AUTO_VALUE_ON_ZERO";
START TRANSACTION;
SET time_zone = "+00:00";


/*!40101 SET @OLD_CHARACTER_SET_CLIENT=@@CHARACTER_SET_CLIENT */;
/*!40101 SET @OLD_CHARACTER_SET_RESULTS=@@CHARACTER_SET_RESULTS */;
/*!40101 SET @OLD_COLLATION_CONNECTION=@@COLLATION_CONNECTION */;
/*!40101 SET NAMES utf8mb4 */;

--
-- Database: `pizza_sales`
--

-- --------------------------------------------------------

--
-- Table structure for table `CustomerOrders`
--

CREATE TABLE `CustomerOrders` (
  `customer_order_id` int(11) NOT NULL,
  `order_id` int(11) DEFAULT NULL,
  `pizza_id` int(11) DEFAULT NULL,
  `quantity` int(11) DEFAULT NULL,
  `order_date` date DEFAULT NULL,
  `order_time` time DEFAULT NULL
) ENGINE=InnoDB DEFAULT CHARSET=utf8mb4 COLLATE=utf8mb4_general_ci;

--
-- Dumping data for table `CustomerOrders`
--

INSERT INTO `CustomerOrders` (`customer_order_id`, `order_id`, `pizza_id`, `quantity`, `order_date`, `order_time`) VALUES
(1, 1, 1, 1, '2015-01-01', '11:38:36'),
(2, 2, 2, 1, '2015-01-01', '11:57:40'),
(3, 2, 3, 1, '2015-01-01', '11:57:40'),
(4, 2, 4, 1, '2015-01-01', '11:57:40'),
(5, 2, 5, 1, '2015-01-01', '11:57:40'),
(6, 2, 6, 1, '2015-01-01', '11:57:40'),
(7, 3, 7, 1, '2015-01-01', '12:12:28'),
(8, 3, 8, 1, '2015-01-01', '12:12:28'),
(9, 4, 9, 1, '2015-01-01', '12:16:31'),
(10, 5, 10, 1, '2015-01-01', '12:21:30'),
(11, 6, 11, 1, '2015-01-01', '12:29:36'),
(12, 6, 12, 1, '2015-01-01', '12:29:36'),
(13, 7, 13, 1, '2015-01-01', '12:50:37'),
(14, 8, 14, 1, '2015-01-01', '12:51:37'),
(15, 9, 15, 1, '2015-01-01', '12:52:01'),
(16, 9, 16, 1, '2015-01-01', '12:52:01'),
(17, 9, 17, 1, '2015-01-01', '12:52:01'),
(18, 9, 18, 1, '2015-01-01', '12:52:01'),
(19, 9, 19, 1, '2015-01-01', '12:52:01'),
(20, 9, 20, 1, '2015-01-01', '12:52:01'),
(21, 9, 21, 1, '2015-01-01', '12:52:01'),
(22, 9, 22, 1, '2015-01-01', '12:52:01'),
(23, 9, 23, 1, '2015-01-01', '12:52:01'),
(24, 10, 24, 1, '2015-01-01', '13:00:15'),
(25, 10, 25, 1, '2015-01-01', '13:00:15'),
(26, 11, 26, 1, '2015-01-01', '13:02:59'),
(27, 11, 27, 1, '2015-01-01', '13:02:59'),
(28, 11, 28, 1, '2015-01-01', '13:02:59'),
(29, 11, 29, 1, '2015-01-01', '13:02:59'),
(30, 12, 30, 1, '2015-01-01', '13:04:41'),
(31, 12, 31, 1, '2015-01-01', '13:04:41'),
(32, 12, 32, 1, '2015-01-01', '13:04:41'),
(33, 12, 33, 1, '2015-01-01', '13:04:41'),
(34, 13, 34, 1, '2015-01-01', '13:11:55'),
(35, 14, 35, 1, '2015-01-01', '13:14:19'),
(36, 15, 36, 1, '2015-01-01', '13:33:00'),
(37, 15, 37, 1, '2015-01-01', '13:33:00'),
(38, 15, 38, 1, '2015-01-01', '13:33:00'),
(39, 15, 39, 1, '2015-01-01', '13:33:00'),
(40, 16, 40, 1, '2015-01-01', '13:34:07'),
(41, 16, 41, 1, '2015-01-01', '13:34:07'),
(42, 16, 42, 1, '2015-01-01', '13:34:07'),
(43, 17, 43, 1, '2015-01-01', '13:53:00'),
(44, 17, 44, 1, '2015-01-01', '13:53:00'),
(45, 17, 45, 1, '2015-01-01', '13:53:00'),
(46, 17, 46, 1, '2015-01-01', '13:53:00'),
(47, 17, 47, 1, '2015-01-01', '13:53:00'),
(48, 17, 48, 1, '2015-01-01', '13:53:00'),
(49, 17, 49, 2, '2015-01-01', '13:53:00'),
(50, 17, 50, 1, '2015-01-01', '13:53:00'),
(51, 17, 51, 1, '2015-01-01', '13:53:00'),
(52, 17, 52, 1, '2015-01-01', '13:53:00'),
(53, 18, 53, 1, '2015-01-01', '13:57:08'),
(54, 19, 54, 1, '2015-01-01', '13:59:09'),
(55, 19, 55, 1, '2015-01-01', '13:59:09'),
(56, 20, 56, 1, '2015-01-01', '14:03:08'),
(57, 20, 57, 1, '2015-01-01', '14:03:08'),
(58, 21, 58, 1, '2015-01-01', '14:14:29'),
(59, 22, 59, 1, '2015-01-01', '14:16:26'),
(60, 22, 60, 1, '2015-01-01', '14:16:26'),
(61, 22, 61, 1, '2015-01-01', '14:16:26'),
(62, 23, 62, 1, '2015-01-01', '14:19:03'),
(63, 24, 63, 1, '2015-01-01', '14:23:01'),
(64, 24, 64, 1, '2015-01-01', '14:23:01'),
(65, 24, 65, 1, '2015-01-01', '14:23:01'),
(66, 24, 66, 1, '2015-01-01', '14:23:01'),
(67, 25, 67, 1, '2015-01-01', '14:44:44'),
(68, 25, 68, 1, '2015-01-01', '14:44:44'),
(69, 26, 69, 1, '2015-01-01', '14:54:26'),
(70, 26, 70, 1, '2015-01-01', '14:54:26'),
(71, 27, 71, 1, '2015-01-01', '15:11:17'),
(72, 27, 72, 1, '2015-01-01', '15:11:17'),
(73, 27, 73, 1, '2015-01-01', '15:11:17'),
(74, 28, 74, 1, '2015-01-01', '15:35:46'),
(75, 29, 75, 1, '2015-01-01', '15:41:01'),
(76, 30, 76, 1, '2015-01-01', '15:41:25'),
(77, 31, 77, 1, '2015-01-01', '15:50:18'),
(78, 31, 78, 1, '2015-01-01', '15:50:18'),
(79, 32, 79, 1, '2015-01-01', '15:53:18'),
(80, 32, 80, 1, '2015-01-01', '15:53:18'),
(81, 32, 81, 1, '2015-01-01', '15:53:18'),
(82, 32, 82, 1, '2015-01-01', '15:53:18'),
(83, 33, 83, 1, '2015-01-01', '15:54:08'),
(84, 33, 84, 1, '2015-01-01', '15:54:08'),
(85, 34, 85, 1, '2015-01-01', '16:21:21'),
(86, 35, 86, 1, '2015-01-01', '16:32:04'),
(87, 35, 87, 1, '2015-01-01', '16:32:04'),
(88, 35, 88, 1, '2015-01-01', '16:32:04'),
(89, 35, 89, 1, '2015-01-01', '16:32:04'),
(90, 36, 90, 1, '2015-01-01', '16:54:09'),
(91, 36, 91, 1, '2015-01-01', '16:54:09'),
(92, 37, 92, 1, '2015-01-01', '16:56:09'),
(93, 37, 93, 1, '2015-01-01', '16:56:09'),
(94, 38, 94, 1, '2015-01-01', '17:03:00'),
(95, 38, 95, 1, '2015-01-01', '17:03:00'),
(96, 39, 96, 1, '2015-01-01', '17:07:23'),
(97, 40, 97, 1, '2015-01-01', '17:14:36'),
(98, 40, 98, 1, '2015-01-01', '17:14:36'),
(99, 41, 99, 1, '2015-01-01', '17:15:20'),
(100, 41, 100, 1, '2015-01-01', '17:15:20'),
(101, 42, 101, 1, '2015-01-01', '17:28:09'),
(102, 42, 102, 1, '2015-01-01', '17:28:09'),
(103, 42, 103, 1, '2015-01-01', '17:28:09'),
(104, 42, 104, 1, '2015-01-01', '17:28:09'),
(105, 43, 105, 1, '2015-01-01', '17:38:34'),
(106, 43, 106, 1, '2015-01-01', '17:38:34'),
(107, 43, 107, 1, '2015-01-01', '17:38:34'),
(108, 44, 108, 1, '2015-01-01', '17:54:20'),
(109, 45, 109, 1, '2015-01-01', '17:55:48'),
(110, 45, 110, 1, '2015-01-01', '17:55:48'),
(111, 45, 111, 1, '2015-01-01', '17:55:48'),
(112, 46, 112, 1, '2015-01-01', '18:25:51'),
(113, 46, 113, 1, '2015-01-01', '18:25:51'),
(114, 46, 114, 1, '2015-01-01', '18:25:51'),
(115, 47, 115, 1, '2015-01-01', '18:26:34'),
(116, 47, 116, 1, '2015-01-01', '18:26:34'),
(117, 48, 117, 1, '2015-01-01', '18:26:42'),
(118, 48, 118, 1, '2015-01-01', '18:26:42'),
(119, 48, 119, 1, '2015-01-01', '18:26:42'),
(120, 48, 120, 1, '2015-01-01', '18:26:42'),
(121, 49, 121, 1, '2015-01-01', '18:33:00'),
(122, 50, 122, 1, '2015-01-01', '18:41:01'),
(123, 51, 123, 1, '2015-01-01', '18:48:28'),
(124, 51, 124, 1, '2015-01-01', '18:48:28'),
(125, 52, 125, 1, '2015-01-01', '18:53:02'),
(126, 52, 126, 1, '2015-01-01', '18:53:02'),
(127, 52, 127, 1, '2015-01-01', '18:53:02'),
(128, 53, 128, 1, '2015-01-01', '18:54:17'),
(129, 53, 129, 1, '2015-01-01', '18:54:17'),
(130, 54, 130, 1, '2015-01-01', '19:01:45'),
(131, 54, 131, 1, '2015-01-01', '19:01:45'),
(132, 55, 132, 1, '2015-01-01', '19:03:19'),
(133, 55, 133, 1, '2015-01-01', '19:03:19'),
(134, 56, 134, 1, '2015-01-01', '19:07:00'),
(135, 56, 135, 1, '2015-01-01', '19:07:00'),
(136, 56, 136, 1, '2015-01-01', '19:07:00'),
(137, 57, 137, 1, '2015-01-01', '19:10:51'),
(138, 58, 138, 1, '2015-01-01', '19:30:40'),
(139, 58, 139, 1, '2015-01-01', '19:30:40'),
(140, 59, 140, 1, '2015-01-01', '19:40:08'),
(141, 59, 141, 1, '2015-01-01', '19:40:08'),
(142, 59, 142, 1, '2015-01-01', '19:40:08'),
(143, 60, 143, 1, '2015-01-01', '20:05:16'),
(144, 60, 144, 1, '2015-01-01', '20:05:16'),
(145, 61, 145, 1, '2015-01-01', '20:08:43'),
(146, 61, 146, 1, '2015-01-01', '20:08:43'),
(147, 62, 147, 1, '2015-01-01', '20:50:16'),
(148, 62, 148, 1, '2015-01-01', '20:50:16'),
(149, 63, 149, 1, '2015-01-01', '20:51:42'),
(150, 64, 150, 1, '2015-01-01', '20:52:08'),
(151, 65, 151, 1, '2015-01-01', '21:16:00'),
(152, 65, 152, 1, '2015-01-01', '21:16:00'),
(153, 65, 153, 1, '2015-01-01', '21:16:00'),
(154, 65, 154, 1, '2015-01-01', '21:16:00'),
(155, 66, 155, 1, '2015-01-01', '21:47:55'),
(156, 66, 156, 1, '2015-01-01', '21:47:55'),
(157, 67, 157, 1, '2015-01-01', '22:03:40'),
(158, 68, 158, 1, '2015-01-01', '22:07:32'),
(159, 68, 159, 1, '2015-01-01', '22:07:32'),
(160, 68, 160, 1, '2015-01-01', '22:07:32'),
(161, 69, 161, 1, '2015-01-01', '22:12:13'),
(162, 70, 162, 1, '2015-02-01', '11:38:51'),
(163, 70, 163, 1, '2015-02-01', '11:38:51'),
(164, 71, 164, 1, '2015-02-01', '11:40:50'),
(165, 72, 165, 1, '2015-02-01', '11:57:25'),
(166, 73, 166, 1, '2015-02-01', '11:58:56'),
(167, 74, 167, 1, '2015-02-01', '12:01:12'),
(168, 74, 168, 1, '2015-02-01', '12:01:12'),
(169, 74, 169, 1, '2015-02-01', '12:01:12'),
(170, 74, 170, 1, '2015-02-01', '12:01:12'),
(171, 75, 171, 1, '2015-02-01', '12:10:15'),
(172, 75, 172, 1, '2015-02-01', '12:10:15'),
(173, 75, 173, 1, '2015-02-01', '12:10:15'),
(174, 76, 174, 1, '2015-02-01', '12:21:17'),
(175, 76, 175, 1, '2015-02-01', '12:21:17'),
(176, 76, 176, 1, '2015-02-01', '12:21:17'),
(177, 76, 177, 1, '2015-02-01', '12:21:17'),
(178, 77, 178, 1, '2015-02-01', '12:22:46'),
(179, 77, 179, 1, '2015-02-01', '12:22:46'),
(180, 78, 180, 1, '2015-02-01', '12:28:14'),
(181, 78, 181, 1, '2015-02-01', '12:28:14'),
(182, 78, 182, 1, '2015-02-01', '12:28:14'),
(183, 78, 183, 1, '2015-02-01', '12:28:14'),
(184, 78, 184, 3, '2015-02-01', '12:28:14'),
(185, 78, 185, 1, '2015-02-01', '12:28:14'),
(186, 79, 186, 1, '2015-02-01', '12:29:11'),
(187, 79, 187, 1, '2015-02-01', '12:29:11'),
(188, 79, 188, 1, '2015-02-01', '12:29:11'),
(189, 80, 189, 1, '2015-02-01', '12:35:38'),
(190, 80, 190, 1, '2015-02-01', '12:35:38'),
(191, 81, 191, 1, '2015-02-01', '12:40:01'),
(192, 82, 192, 1, '2015-02-01', '12:45:51'),
(193, 82, 193, 1, '2015-02-01', '12:45:51'),
(194, 82, 194, 1, '2015-02-01', '12:45:51'),
(195, 82, 195, 1, '2015-02-01', '12:45:51'),
(196, 83, 196, 1, '2015-02-01', '12:53:27'),
(197, 84, 197, 1, '2015-02-01', '13:13:41'),
(198, 85, 198, 1, '2015-02-01', '13:34:49'),
(199, 85, 199, 1, '2015-02-01', '13:34:49'),
(200, 85, 200, 1, '2015-02-01', '13:34:49'),
(201, 85, 201, 1, '2015-02-01', '13:34:49'),
(202, 86, 202, 1, '2015-02-01', '13:40:31'),
(203, 87, 203, 1, '2015-02-01', '14:01:02'),
(204, 87, 204, 1, '2015-02-01', '14:01:02'),
(205, 87, 205, 1, '2015-02-01', '14:01:02'),
(206, 87, 206, 1, '2015-02-01', '14:01:02'),
(207, 88, 207, 1, '2015-02-01', '14:10:08'),
(208, 89, 208, 1, '2015-02-01', '14:30:19'),
(209, 89, 209, 1, '2015-02-01', '14:30:19'),
(210, 90, 210, 1, '2015-02-01', '15:08:48'),
(211, 90, 211, 1, '2015-02-01', '15:08:48'),
(212, 91, 212, 2, '2015-02-01', '15:14:43'),
(213, 91, 213, 1, '2015-02-01', '15:14:43'),
(214, 91, 214, 1, '2015-02-01', '15:14:43'),
(215, 92, 215, 1, '2015-02-01', '15:17:02'),
(216, 92, 216, 1, '2015-02-01', '15:17:02'),
(217, 92, 217, 1, '2015-02-01', '15:17:02'),
(218, 92, 218, 1, '2015-02-01', '15:17:02'),
(219, 92, 219, 1, '2015-02-01', '15:17:02'),
(220, 92, 220, 1, '2015-02-01', '15:17:02'),
(221, 92, 221, 1, '2015-02-01', '15:17:02'),
(222, 92, 222, 1, '2015-02-01', '15:17:02'),
(223, 92, 223, 2, '2015-02-01', '15:17:02'),
(224, 93, 224, 1, '2015-02-01', '15:29:31'),
(225, 94, 225, 1, '2015-02-01', '16:17:16'),
(226, 94, 226, 1, '2015-02-01', '16:17:16'),
(227, 95, 227, 1, '2015-02-01', '16:18:04'),
(228, 95, 228, 1, '2015-02-01', '16:18:04'),
(229, 96, 229, 1, '2015-02-01', '16:21:20'),
(230, 97, 230, 1, '2015-02-01', '16:45:33'),
(231, 98, 231, 1, '2015-02-01', '17:18:18'),
(232, 98, 232, 1, '2015-02-01', '17:18:18'),
(233, 99, 233, 1, '2015-02-01', '17:45:42'),
(234, 100, 234, 1, '2015-02-01', '17:46:17'),
(235, 101, 235, 1, '2015-02-01', '17:51:33'),
(236, 101, 236, 1, '2015-02-01', '17:51:33'),
(237, 101, 237, 1, '2015-02-01', '17:51:33'),
(238, 101, 238, 1, '2015-02-01', '17:51:33'),
(239, 102, 239, 1, '2015-02-01', '17:54:04'),
(240, 102, 240, 1, '2015-02-01', '17:54:04'),
(241, 103, 241, 1, '2015-02-01', '18:02:09'),
(242, 104, 242, 1, '2015-02-01', '18:02:12'),
(243, 104, 243, 1, '2015-02-01', '18:02:12'),
(244, 104, 244, 1, '2015-02-01', '18:02:12'),
(245, 104, 245, 1, '2015-02-01', '18:02:12'),
(246, 105, 246, 2, '2015-02-01', '18:12:01'),
(247, 105, 247, 1, '2015-02-01', '18:12:01'),
(248, 105, 248, 1, '2015-02-01', '18:12:01'),
(249, 106, 249, 1, '2015-02-01', '18:12:13'),
(250, 106, 250, 1, '2015-02-01', '18:12:13'),
(251, 107, 251, 1, '2015-02-01', '18:25:09'),
(252, 107, 252, 1, '2015-02-01', '18:25:09'),
(253, 107, 253, 1, '2015-02-01', '18:25:09'),
(254, 107, 254, 1, '2015-02-01', '18:25:09'),
(255, 108, 255, 1, '2015-02-01', '18:25:25'),
(256, 108, 256, 1, '2015-02-01', '18:25:25'),
(257, 108, 257, 1, '2015-02-01', '18:25:25'),
(258, 109, 258, 1, '2015-02-01', '18:27:50'),
(259, 109, 259, 1, '2015-02-01', '18:27:50'),
(260, 109, 260, 1, '2015-02-01', '18:27:50'),
(261, 109, 261, 1, '2015-02-01', '18:27:50'),
(262, 110, 262, 1, '2015-02-01', '18:36:19'),
(263, 110, 263, 1, '2015-02-01', '18:36:19'),
(264, 110, 264, 1, '2015-02-01', '18:36:19'),
(265, 110, 265, 1, '2015-02-01', '18:36:19'),
(266, 111, 266, 1, '2015-02-01', '18:38:01'),
(267, 111, 267, 1, '2015-02-01', '18:38:01'),
(268, 111, 268, 1, '2015-02-01', '18:38:01'),
(269, 111, 269, 1, '2015-02-01', '18:38:01'),
(270, 112, 270, 1, '2015-02-01', '18:41:40'),
(271, 113, 271, 1, '2015-02-01', '18:50:21'),
(272, 113, 272, 1, '2015-02-01', '18:50:21'),
(273, 113, 273, 1, '2015-02-01', '18:50:21'),
(274, 114, 274, 1, '2015-02-01', '18:59:32'),
(275, 114, 275, 1, '2015-02-01', '18:59:32'),
(276, 115, 276, 1, '2015-02-01', '19:05:17'),
(277, 115, 277, 1, '2015-02-01', '19:05:17'),
(278, 115, 278, 1, '2015-02-01', '19:05:17'),
(279, 116, 279, 1, '2015-02-01', '19:18:49'),
(280, 117, 280, 1, '2015-02-01', '19:23:02'),
(281, 117, 281, 1, '2015-02-01', '19:23:02'),
(282, 118, 282, 1, '2015-02-01', '19:26:59'),
(283, 118, 283, 1, '2015-02-01', '19:26:59'),
(284, 119, 284, 1, '2015-02-01', '19:32:29'),
(285, 120, 285, 1, '2015-02-01', '19:35:07'),
(286, 120, 286, 1, '2015-02-01', '19:35:07'),
(287, 120, 287, 1, '2015-02-01', '19:35:07'),
(288, 121, 288, 1, '2015-02-01', '19:38:48'),
(289, 121, 289, 1, '2015-02-01', '19:38:48'),
(290, 121, 290, 1, '2015-02-01', '19:38:48'),
(291, 121, 291, 1, '2015-02-01', '19:38:48'),
(292, 122, 292, 1, '2015-02-01', '19:50:19'),
(293, 123, 293, 1, '2015-02-01', '20:12:09'),
(294, 124, 294, 1, '2015-02-01', '20:12:34'),
(295, 124, 295, 1, '2015-02-01', '20:12:34'),
(296, 124, 296, 1, '2015-02-01', '20:12:34'),
(297, 124, 297, 1, '2015-02-01', '20:12:34'),
(298, 125, 298, 1, '2015-02-01', '20:31:06'),
(299, 126, 299, 1, '2015-02-01', '20:53:42'),
(300, 127, 300, 1, '2015-02-01', '20:58:23');

-- --------------------------------------------------------

--
-- Table structure for table `OrderItems`
--

CREATE TABLE `OrderItems` (
  `order_item_id` int(11) NOT NULL,
  `order_id` int(11) DEFAULT NULL,
  `pizza_id` int(11) DEFAULT NULL,
  `quantity` int(11) DEFAULT NULL,
  `unit_price` decimal(10,2) DEFAULT NULL,
  `total_price` decimal(10,2) DEFAULT NULL
) ENGINE=InnoDB DEFAULT CHARSET=utf8mb4 COLLATE=utf8mb4_general_ci;

--
-- Dumping data for table `OrderItems`
--

INSERT INTO `OrderItems` (`order_item_id`, `order_id`, `pizza_id`, `quantity`, `unit_price`, `total_price`) VALUES
(1, 1, 1, 1, 13.25, 13.25),
(2, 2, 2, 1, 16.00, 16.00),
(3, 2, 3, 1, 18.50, 18.50),
(4, 2, 4, 1, 20.75, 20.75),
(5, 2, 5, 1, 16.00, 16.00),
(6, 2, 6, 1, 20.75, 20.75),
(7, 3, 7, 1, 16.50, 16.50),
(8, 3, 8, 1, 20.75, 20.75),
(9, 4, 9, 1, 16.50, 16.50),
(10, 5, 10, 1, 16.50, 16.50),
(11, 6, 11, 1, 12.75, 12.75),
(12, 6, 12, 1, 12.00, 12.00),
(13, 7, 13, 1, 12.50, 12.50),
(14, 8, 14, 1, 12.50, 12.50),
(15, 9, 15, 1, 12.00, 12.00),
(16, 9, 16, 1, 12.00, 12.00),
(17, 9, 17, 1, 20.50, 20.50),
(18, 9, 18, 1, 20.75, 20.75),
(19, 9, 19, 1, 12.50, 12.50),
(20, 9, 20, 1, 12.00, 12.00),
(21, 9, 21, 1, 20.75, 20.75),
(22, 9, 22, 1, 20.75, 20.75),
(23, 9, 23, 1, 12.00, 12.00),
(24, 10, 24, 1, 20.25, 20.25),
(25, 10, 25, 1, 20.75, 20.75),
(26, 11, 26, 1, 20.75, 20.75),
(27, 11, 27, 1, 20.75, 20.75),
(28, 11, 28, 1, 16.75, 16.75),
(29, 11, 29, 1, 15.25, 15.25),
(30, 12, 30, 1, 20.75, 20.75),
(31, 12, 31, 1, 12.75, 12.75),
(32, 12, 32, 1, 20.75, 20.75),
(33, 12, 33, 1, 16.50, 16.50),
(34, 13, 34, 1, 20.25, 20.25),
(35, 14, 35, 1, 12.00, 12.00),
(36, 15, 36, 1, 12.00, 12.00),
(37, 15, 37, 1, 18.50, 18.50),
(38, 15, 38, 1, 20.75, 20.75),
(39, 15, 39, 1, 12.00, 12.00),
(40, 16, 40, 1, 17.95, 17.95),
(41, 16, 41, 1, 12.00, 12.00),
(42, 16, 42, 1, 20.75, 20.75),
(43, 17, 43, 1, 20.75, 20.75),
(44, 17, 44, 1, 16.25, 16.25),
(45, 17, 45, 1, 18.50, 18.50),
(46, 17, 46, 1, 14.75, 14.75),
(47, 17, 47, 1, 16.50, 16.50),
(48, 17, 48, 1, 12.75, 12.75),
(49, 17, 49, 2, 16.00, 32.00),
(50, 17, 50, 1, 20.25, 20.25),
(51, 17, 51, 1, 12.50, 12.50),
(52, 17, 52, 1, 20.25, 20.25),
(53, 18, 53, 1, 20.50, 20.50),
(54, 19, 54, 1, 20.50, 20.50),
(55, 19, 55, 1, 20.25, 20.25),
(56, 20, 56, 1, 12.00, 12.00),
(57, 20, 57, 1, 18.50, 18.50),
(58, 21, 58, 1, 20.50, 20.50),
(59, 22, 59, 1, 18.50, 18.50),
(60, 22, 60, 1, 16.00, 16.00),
(61, 22, 61, 1, 20.75, 20.75),
(62, 23, 62, 1, 12.75, 12.75),
(63, 24, 63, 1, 16.75, 16.75),
(64, 24, 64, 1, 16.00, 16.00),
(65, 24, 65, 1, 12.50, 12.50),
(66, 24, 66, 1, 12.50, 12.50),
(67, 25, 67, 1, 16.25, 16.25),
(68, 25, 68, 1, 20.75, 20.75),
(69, 26, 69, 1, 12.00, 12.00),
(70, 26, 70, 1, 20.25, 20.25),
(71, 27, 71, 1, 20.75, 20.75),
(72, 27, 72, 1, 16.00, 16.00),
(73, 27, 73, 1, 20.25, 20.25),
(74, 28, 74, 1, 12.75, 12.75),
(75, 29, 75, 1, 12.00, 12.00),
(76, 30, 76, 1, 20.75, 20.75),
(77, 31, 77, 1, 16.00, 16.00),
(78, 31, 78, 1, 9.75, 9.75),
(79, 32, 79, 1, 12.00, 12.00),
(80, 32, 80, 1, 20.25, 20.25),
(81, 32, 81, 1, 20.50, 20.50),
(82, 32, 82, 1, 16.50, 16.50),
(83, 33, 83, 1, 20.75, 20.75),
(84, 33, 84, 1, 12.00, 12.00),
(85, 34, 85, 1, 12.00, 12.00),
(86, 35, 86, 1, 16.00, 16.00),
(87, 35, 87, 1, 17.50, 17.50),
(88, 35, 88, 1, 12.50, 12.50),
(89, 35, 89, 1, 20.75, 20.75),
(90, 36, 90, 1, 16.75, 16.75),
(91, 36, 91, 1, 16.00, 16.00),
(92, 37, 92, 1, 20.75, 20.75),
(93, 37, 93, 1, 20.25, 20.25),
(94, 38, 94, 1, 10.50, 10.50),
(95, 38, 95, 1, 20.50, 20.50),
(96, 39, 96, 1, 20.75, 20.75),
(97, 40, 97, 1, 17.95, 17.95),
(98, 40, 98, 1, 12.75, 12.75),
(99, 41, 99, 1, 14.75, 14.75),
(100, 41, 100, 1, 12.00, 12.00),
(101, 42, 101, 1, 12.00, 12.00),
(102, 42, 102, 1, 18.50, 18.50),
(103, 42, 103, 1, 20.25, 20.25),
(104, 42, 104, 1, 16.50, 16.50),
(105, 43, 105, 1, 16.75, 16.75),
(106, 43, 106, 1, 16.50, 16.50),
(107, 43, 107, 1, 20.75, 20.75),
(108, 44, 108, 1, 12.50, 12.50),
(109, 45, 109, 1, 17.95, 17.95),
(110, 45, 110, 1, 10.50, 10.50),
(111, 45, 111, 1, 16.75, 16.75),
(112, 46, 112, 1, 20.75, 20.75),
(113, 46, 113, 1, 20.50, 20.50),
(114, 46, 114, 1, 16.75, 16.75),
(115, 47, 115, 1, 20.75, 20.75),
(116, 47, 116, 1, 12.00, 12.00),
(117, 48, 117, 1, 16.75, 16.75),
(118, 48, 118, 1, 12.00, 12.00),
(119, 48, 119, 1, 20.75, 20.75),
(120, 48, 120, 1, 20.75, 20.75),
(121, 49, 121, 1, 20.25, 20.25),
(122, 50, 122, 1, 25.50, 25.50),
(123, 51, 123, 1, 20.75, 20.75),
(124, 51, 124, 1, 17.50, 17.50),
(125, 52, 125, 1, 16.50, 16.50),
(126, 52, 126, 1, 20.25, 20.25),
(127, 52, 127, 1, 20.75, 20.75),
(128, 53, 128, 1, 11.00, 11.00),
(129, 53, 129, 1, 16.50, 16.50),
(130, 54, 130, 1, 16.50, 16.50),
(131, 54, 131, 1, 20.75, 20.75),
(132, 55, 132, 1, 12.50, 12.50),
(133, 55, 133, 1, 20.75, 20.75),
(134, 56, 134, 1, 16.00, 16.00),
(135, 56, 135, 1, 20.25, 20.25),
(136, 56, 136, 1, 16.75, 16.75),
(137, 57, 137, 1, 16.00, 16.00),
(138, 58, 138, 1, 18.50, 18.50),
(139, 58, 139, 1, 12.50, 12.50),
(140, 59, 140, 1, 12.75, 12.75),
(141, 59, 141, 1, 11.00, 11.00),
(142, 59, 142, 1, 15.25, 15.25),
(143, 60, 143, 1, 20.75, 20.75),
(144, 60, 144, 1, 14.75, 14.75),
(145, 61, 145, 1, 16.75, 16.75),
(146, 61, 146, 1, 20.75, 20.75),
(147, 62, 147, 1, 16.75, 16.75),
(148, 62, 148, 1, 16.50, 16.50),
(149, 63, 149, 1, 14.50, 14.50),
(150, 64, 150, 1, 12.00, 12.00),
(151, 65, 151, 1, 11.00, 11.00),
(152, 65, 152, 1, 12.25, 12.25),
(153, 65, 153, 1, 12.50, 12.50),
(154, 65, 154, 1, 16.50, 16.50),
(155, 66, 155, 1, 16.00, 16.00),
(156, 66, 156, 1, 16.00, 16.00),
(157, 67, 157, 1, 20.75, 20.75),
(158, 68, 158, 1, 16.00, 16.00),
(159, 68, 159, 1, 20.75, 20.75),
(160, 68, 160, 1, 16.50, 16.50),
(161, 69, 161, 1, 20.75, 20.75),
(162, 70, 162, 1, 12.75, 12.75),
(163, 70, 163, 1, 20.75, 20.75),
(164, 71, 164, 1, 20.75, 20.75),
(165, 72, 165, 1, 20.25, 20.25),
(166, 73, 166, 1, 12.75, 12.75),
(167, 74, 167, 1, 18.50, 18.50),
(168, 74, 168, 1, 20.25, 20.25),
(169, 74, 169, 1, 12.50, 12.50),
(170, 74, 170, 1, 20.75, 20.75),
(171, 75, 171, 1, 12.50, 12.50),
(172, 75, 172, 1, 20.25, 20.25),
(173, 75, 173, 1, 20.50, 20.50),
(174, 76, 174, 1, 12.00, 12.00),
(175, 76, 175, 1, 16.50, 16.50),
(176, 76, 176, 1, 21.00, 21.00),
(177, 76, 177, 1, 20.75, 20.75),
(178, 77, 178, 1, 16.75, 16.75),
(179, 77, 179, 1, 13.25, 13.25),
(180, 78, 180, 1, 12.00, 12.00),
(181, 78, 181, 1, 12.00, 12.00),
(182, 78, 182, 1, 17.95, 17.95),
(183, 78, 183, 1, 16.00, 16.00),
(184, 78, 184, 3, 20.75, 62.25),
(185, 78, 185, 1, 12.75, 12.75),
(186, 79, 186, 1, 20.50, 20.50),
(187, 79, 187, 1, 11.00, 11.00),
(188, 79, 188, 1, 20.75, 20.75),
(189, 80, 189, 1, 9.75, 9.75),
(190, 80, 190, 1, 16.75, 16.75),
(191, 81, 191, 1, 20.75, 20.75),
(192, 82, 192, 1, 12.00, 12.00),
(193, 82, 193, 1, 16.75, 16.75),
(194, 82, 194, 1, 20.75, 20.75),
(195, 82, 195, 1, 16.00, 16.00),
(196, 83, 196, 1, 12.75, 12.75),
(197, 84, 197, 1, 15.25, 15.25),
(198, 85, 198, 1, 16.00, 16.00),
(199, 85, 199, 1, 12.00, 12.00),
(200, 85, 200, 1, 20.75, 20.75),
(201, 85, 201, 1, 16.00, 16.00),
(202, 86, 202, 1, 16.50, 16.50),
(203, 87, 203, 1, 16.00, 16.00),
(204, 87, 204, 1, 16.00, 16.00),
(205, 87, 205, 1, 20.75, 20.75),
(206, 87, 206, 1, 12.50, 12.50),
(207, 88, 207, 1, 18.50, 18.50),
(208, 89, 208, 1, 20.75, 20.75),
(209, 89, 209, 1, 20.75, 20.75),
(210, 90, 210, 1, 20.25, 20.25),
(211, 90, 211, 1, 12.75, 12.75),
(212, 91, 212, 2, 20.75, 41.50),
(213, 91, 213, 1, 12.75, 12.75),
(214, 91, 214, 1, 9.75, 9.75),
(215, 92, 215, 1, 16.75, 16.75),
(216, 92, 216, 1, 20.75, 20.75),
(217, 92, 217, 1, 16.50, 16.50),
(218, 92, 218, 1, 12.75, 12.75),
(219, 92, 219, 1, 12.50, 12.50),
(220, 92, 220, 1, 16.50, 16.50),
(221, 92, 221, 1, 12.00, 12.00),
(222, 92, 222, 1, 12.50, 12.50),
(223, 92, 223, 2, 16.00, 32.00),
(224, 93, 224, 1, 16.25, 16.25),
(225, 94, 225, 1, 16.00, 16.00),
(226, 94, 226, 1, 12.75, 12.75),
(227, 95, 227, 1, 12.00, 12.00),
(228, 95, 228, 1, 20.75, 20.75),
(229, 96, 229, 1, 12.00, 12.00),
(230, 97, 230, 1, 12.00, 12.00),
(231, 98, 231, 1, 20.50, 20.50),
(232, 98, 232, 1, 20.50, 20.50),
(233, 99, 233, 1, 20.75, 20.75),
(234, 100, 234, 1, 16.50, 16.50),
(235, 101, 235, 1, 20.75, 20.75),
(236, 101, 236, 1, 15.25, 15.25),
(237, 101, 237, 1, 20.75, 20.75),
(238, 101, 238, 1, 16.50, 16.50),
(239, 102, 239, 1, 12.75, 12.75),
(240, 102, 240, 1, 12.50, 12.50),
(241, 103, 241, 1, 12.50, 12.50),
(242, 104, 242, 1, 16.75, 16.75),
(243, 104, 243, 1, 16.75, 16.75),
(244, 104, 244, 1, 16.75, 16.75),
(245, 104, 245, 1, 20.25, 20.25),
(246, 105, 246, 2, 10.50, 21.00),
(247, 105, 247, 1, 15.25, 15.25),
(248, 105, 248, 1, 16.50, 16.50),
(249, 106, 249, 1, 20.25, 20.25),
(250, 106, 250, 1, 20.75, 20.75),
(251, 107, 251, 1, 20.75, 20.75),
(252, 107, 252, 1, 16.50, 16.50),
(253, 107, 253, 1, 20.75, 20.75),
(254, 107, 254, 1, 20.25, 20.25),
(255, 108, 255, 1, 20.50, 20.50),
(256, 108, 256, 1, 16.50, 16.50),
(257, 108, 257, 1, 20.75, 20.75),
(258, 109, 258, 1, 20.50, 20.50),
(259, 109, 259, 1, 20.75, 20.75),
(260, 109, 260, 1, 12.50, 12.50),
(261, 109, 261, 1, 20.75, 20.75),
(262, 110, 262, 1, 12.00, 12.00),
(263, 110, 263, 1, 20.50, 20.50),
(264, 110, 264, 1, 20.75, 20.75),
(265, 110, 265, 1, 12.50, 12.50),
(266, 111, 266, 1, 16.75, 16.75),
(267, 111, 267, 1, 18.50, 18.50),
(268, 111, 268, 1, 12.50, 12.50),
(269, 111, 269, 1, 20.75, 20.75),
(270, 112, 270, 1, 9.75, 9.75),
(271, 113, 271, 1, 20.75, 20.75),
(272, 113, 272, 1, 20.25, 20.25),
(273, 113, 273, 1, 16.75, 16.75),
(274, 114, 274, 1, 15.25, 15.25),
(275, 114, 275, 1, 12.25, 12.25),
(276, 115, 276, 1, 12.00, 12.00),
(277, 115, 277, 1, 20.50, 20.50),
(278, 115, 278, 1, 16.75, 16.75),
(279, 116, 279, 1, 18.50, 18.50),
(280, 117, 280, 1, 16.50, 16.50),
(281, 117, 281, 1, 20.25, 20.25),
(282, 118, 282, 1, 20.75, 20.75),
(283, 118, 283, 1, 12.00, 12.00),
(284, 119, 284, 1, 14.75, 14.75),
(285, 120, 285, 1, 12.00, 12.00),
(286, 120, 286, 1, 10.50, 10.50),
(287, 120, 287, 1, 20.25, 20.25),
(288, 121, 288, 1, 16.75, 16.75),
(289, 121, 289, 1, 17.95, 17.95),
(290, 121, 290, 1, 20.25, 20.25),
(291, 121, 291, 1, 20.75, 20.75),
(292, 122, 292, 1, 16.50, 16.50),
(293, 123, 293, 1, 12.00, 12.00),
(294, 124, 294, 1, 12.75, 12.75),
(295, 124, 295, 1, 20.25, 20.25),
(296, 124, 296, 1, 20.75, 20.75),
(297, 124, 297, 1, 12.00, 12.00),
(298, 125, 298, 1, 25.50, 25.50),
(299, 126, 299, 1, 20.25, 20.25),
(300, 127, 300, 1, 12.50, 12.50);

-- --------------------------------------------------------

--
-- Table structure for table `PizzaDetails`
--

CREATE TABLE `PizzaDetails` (
  `pizza_detail_id` int(11) NOT NULL,
  `pizza_id` int(11) DEFAULT NULL,
  `pizza_size` varchar(25) DEFAULT NULL,
  `pizza_category` varchar(255) DEFAULT NULL,
  `pizza_ingredients` text DEFAULT NULL,
  `pizza_name` varchar(255) DEFAULT NULL
) ENGINE=InnoDB DEFAULT CHARSET=utf8mb4 COLLATE=utf8mb4_general_ci;

--
-- Dumping data for table `PizzaDetails`
--

INSERT INTO `PizzaDetails` (`pizza_detail_id`, `pizza_id`, `pizza_size`, `pizza_category`, `pizza_ingredients`, `pizza_name`) VALUES
(1, 1, 'M', 'Classic', 'Sliced Ham, Pineapple, Mozzarella Cheese', 'The Hawaiian Pizza'),
(2, 2, 'M', 'Classic', 'Pepperoni, Mushrooms, Red Onions, Red Peppers, Bacon', 'The Classic Deluxe Pizza'),
(3, 3, 'L', 'Veggie', 'Mozzarella Cheese, Provolone Cheese, Smoked Gouda Cheese, Romano Cheese, Blue Cheese, Garlic', 'The Five Cheese Pizza'),
(4, 4, 'L', 'Supreme', 'Calabrese Salami, Capocollo, Tomatoes, Red Onions, Green Olives, Garlic', 'The Italian Supreme Pizza'),
(5, 5, 'M', 'Veggie', 'Tomatoes, Red Peppers, Jalapeno Peppers, Red Onions, Cilantro, Corn, Chipotle Sauce, Garlic', 'The Mexicana Pizza'),
(6, 6, 'L', 'Chicken', 'Chicken, Pineapple, Tomatoes, Red Peppers, Thai Sweet Chilli Sauce', 'The Thai Chicken Pizza'),
(7, 7, 'M', 'Supreme', 'Calabrese Salami, Capocollo, Tomatoes, Red Onions, Green Olives, Garlic', 'The Italian Supreme Pizza'),
(8, 8, 'L', 'Supreme', 'Prosciutto di San Daniele, Arugula, Mozzarella Cheese', 'The Prosciutto and Arugula Pizza'),
(9, 9, 'M', 'Supreme', 'Calabrese Salami, Capocollo, Tomatoes, Red Onions, Green Olives, Garlic', 'The Italian Supreme Pizza'),
(10, 10, 'M', 'Supreme', 'Calabrese Salami, Capocollo, Tomatoes, Red Onions, Green Olives, Garlic', 'The Italian Supreme Pizza'),
(11, 11, 'S', 'Chicken', 'Barbecued Chicken, Red Peppers, Green Peppers, Tomatoes, Red Onions, Barbecue Sauce', 'The Barbecue Chicken Pizza'),
(12, 12, 'S', 'Classic', 'Kalamata Olives, Feta Cheese, Tomatoes, Garlic, Beef Chuck Roast, Red Onions', 'The Greek Pizza'),
(13, 13, 'S', 'Supreme', 'Spinach, Red Onions, Pepperoni, Tomatoes, Artichokes, Kalamata Olives, Garlic, Asiago Cheese', 'The Spinach Supreme Pizza'),
(14, 14, 'S', 'Supreme', 'Spinach, Red Onions, Pepperoni, Tomatoes, Artichokes, Kalamata Olives, Garlic, Asiago Cheese', 'The Spinach Supreme Pizza'),
(15, 15, 'S', 'Classic', 'Pepperoni, Mushrooms, Red Onions, Red Peppers, Bacon', 'The Classic Deluxe Pizza'),
(16, 16, 'S', 'Veggie', 'Spinach, Mushrooms, Tomatoes, Green Olives, Feta Cheese', 'The Green Garden Pizza'),
(17, 17, 'L', 'Classic', 'Capocollo, Red Peppers, Tomatoes, Goat Cheese, Garlic, Oregano', 'The Italian Capocollo Pizza'),
(18, 18, 'L', 'Supreme', 'Calabrese Salami, Capocollo, Tomatoes, Red Onions, Green Olives, Garlic', 'The Italian Supreme Pizza'),
(19, 19, 'S', 'Supreme', 'Calabrese Salami, Capocollo, Tomatoes, Red Onions, Green Olives, Garlic', 'The Italian Supreme Pizza'),
(20, 20, 'S', 'Veggie', 'Tomatoes, Red Peppers, Jalapeno Peppers, Red Onions, Cilantro, Corn, Chipotle Sauce, Garlic', 'The Mexicana Pizza'),
(21, 21, 'L', 'Supreme', 'Capocollo, Tomatoes, Goat Cheese, Artichokes, Peperoncini verdi, Garlic', 'The Spicy Italian Pizza'),
(22, 22, 'L', 'Veggie', 'Spinach, Artichokes, Tomatoes, Sun-dried Tomatoes, Garlic, Pesto Sauce', 'The Spinach Pesto Pizza'),
(23, 23, 'S', 'Veggie', 'Mushrooms, Tomatoes, Red Peppers, Green Peppers, Red Onions, Zucchini, Spinach, Garlic', 'The Vegetables + Vegetables Pizza'),
(24, 24, 'L', 'Veggie', 'Tomatoes, Red Peppers, Jalapeno Peppers, Red Onions, Cilantro, Corn, Chipotle Sauce, Garlic', 'The Mexicana Pizza'),
(25, 25, 'L', 'Chicken', 'Chicken, Tomatoes, Red Peppers, Red Onions, Jalapeno Peppers, Corn, Cilantro, Chipotle Sauce', 'The Southwest Chicken Pizza'),
(26, 26, 'L', 'Chicken', 'Barbecued Chicken, Red Peppers, Green Peppers, Tomatoes, Red Onions, Barbecue Sauce', 'The Barbecue Chicken Pizza'),
(27, 27, 'L', 'Chicken', 'Chicken, Artichoke, Spinach, Garlic, Jalapeno Peppers, Fontina Cheese, Gouda Cheese', 'The California Chicken Pizza'),
(28, 28, 'M', 'Chicken', 'Chicken, Artichoke, Spinach, Garlic, Jalapeno Peppers, Fontina Cheese, Gouda Cheese', 'The California Chicken Pizza'),
(29, 29, 'L', 'Classic', 'Mozzarella Cheese, Pepperoni', 'The Pepperoni Pizza'),
(30, 30, 'L', 'Chicken', 'Chicken, Artichoke, Spinach, Garlic, Jalapeno Peppers, Fontina Cheese, Gouda Cheese', 'The California Chicken Pizza'),
(31, 31, 'S', 'Chicken', 'Chicken, Artichoke, Spinach, Garlic, Jalapeno Peppers, Fontina Cheese, Gouda Cheese', 'The California Chicken Pizza'),
(32, 32, 'L', 'Chicken', 'Chicken, Tomatoes, Red Peppers, Spinach, Garlic, Pesto Sauce', 'The Chicken Pesto Pizza'),
(33, 33, 'M', 'Supreme', 'Calabrese Salami, Capocollo, Tomatoes, Red Onions, Green Olives, Garlic', 'The Italian Supreme Pizza'),
(34, 34, 'L', 'Veggie', 'Tomatoes, Red Peppers, Jalapeno Peppers, Red Onions, Cilantro, Corn, Chipotle Sauce, Garlic', 'The Mexicana Pizza'),
(35, 35, 'S', 'Classic', 'Kalamata Olives, Feta Cheese, Tomatoes, Garlic, Beef Chuck Roast, Red Onions', 'The Greek Pizza'),
(36, 36, 'S', 'Classic', 'Bacon, Pepperoni, Italian Sausage, Chorizo Sausage', 'The Big Meat Pizza'),
(37, 37, 'L', 'Veggie', 'Mozzarella Cheese, Provolone Cheese, Smoked Gouda Cheese, Romano Cheese, Blue Cheese, Garlic', 'The Five Cheese Pizza'),
(38, 38, 'L', 'Supreme', 'Soppressata Salami, Fontina Cheese, Mozzarella Cheese, Mushrooms, Garlic', 'The Soppressata Pizza'),
(39, 39, 'S', 'Classic', 'Kalamata Olives, Feta Cheese, Tomatoes, Garlic, Beef Chuck Roast, Red Onions', 'The Greek Pizza'),
(40, 40, 'L', 'Veggie', 'Ricotta Cheese, Gorgonzola Piccante Cheese, Mozzarella Cheese, Parmigiano Reggiano Cheese, Garlic', 'The Four Cheese Pizza'),
(41, 41, 'S', 'Classic', 'Tomatoes, Anchovies, Green Olives, Red Onions, Garlic', 'The Napolitana Pizza'),
(42, 42, 'L', 'Chicken', 'Chicken, Pineapple, Tomatoes, Red Peppers, Thai Sweet Chilli Sauce', 'The Thai Chicken Pizza'),
(43, 43, 'L', 'Chicken', 'Barbecued Chicken, Red Peppers, Green Peppers, Tomatoes, Red Onions, Barbecue Sauce', 'The Barbecue Chicken Pizza'),
(44, 44, 'M', 'Supreme', '?duja Salami, Pancetta, Tomatoes, Red Onions, Friggitello Peppers, Garlic', 'The Calabrese Pizza'),
(45, 45, 'L', 'Veggie', 'Mozzarella Cheese, Provolone Cheese, Smoked Gouda Cheese, Romano Cheese, Blue Cheese, Garlic', 'The Five Cheese Pizza'),
(46, 46, 'M', 'Veggie', 'Ricotta Cheese, Gorgonzola Piccante Cheese, Mozzarella Cheese, Parmigiano Reggiano Cheese, Garlic', 'The Four Cheese Pizza'),
(47, 47, 'M', 'Supreme', 'Calabrese Salami, Capocollo, Tomatoes, Red Onions, Green Olives, Garlic', 'The Italian Supreme Pizza'),
(48, 48, 'S', 'Veggie', 'Eggplant, Artichokes, Tomatoes, Zucchini, Red Peppers, Garlic, Pesto Sauce', 'The Italian Vegetables Pizza'),
(49, 49, 'M', 'Veggie', 'Spinach, Artichokes, Kalamata Olives, Sun-dried Tomatoes, Feta Cheese, Plum Tomatoes, Red Onions', 'The Mediterranean Pizza'),
(50, 50, 'L', 'Veggie', 'Tomatoes, Red Peppers, Jalapeno Peppers, Red Onions, Cilantro, Corn, Chipotle Sauce, Garlic', 'The Mexicana Pizza'),
(51, 51, 'S', 'Supreme', 'Genoa Salami, Capocollo, Pepperoni, Tomatoes, Asiago Cheese, Garlic', 'The Pepper Salami Pizza'),
(52, 52, 'L', 'Veggie', 'Spinach, Mushrooms, Red Onions, Feta Cheese, Garlic', 'The Spinach and Feta Pizza'),
(53, 53, 'L', 'Classic', 'Tomatoes, Anchovies, Green Olives, Red Onions, Garlic', 'The Napolitana Pizza'),
(54, 54, 'L', 'Classic', 'Capocollo, Red Peppers, Tomatoes, Goat Cheese, Garlic, Oregano', 'The Italian Capocollo Pizza'),
(55, 55, 'L', 'Supreme', 'Coarse Sicilian Salami, Tomatoes, Green Olives, Luganega Sausage, Onions, Garlic', 'The Sicilian Pizza'),
(56, 56, 'S', 'Classic', 'Bacon, Pepperoni, Italian Sausage, Chorizo Sausage', 'The Big Meat Pizza'),
(57, 57, 'L', 'Veggie', 'Mozzarella Cheese, Provolone Cheese, Smoked Gouda Cheese, Romano Cheese, Blue Cheese, Garlic', 'The Five Cheese Pizza'),
(58, 58, 'L', 'Classic', 'Capocollo, Red Peppers, Tomatoes, Goat Cheese, Garlic, Oregano', 'The Italian Capocollo Pizza'),
(59, 59, 'L', 'Veggie', 'Mozzarella Cheese, Provolone Cheese, Smoked Gouda Cheese, Romano Cheese, Blue Cheese, Garlic', 'The Five Cheese Pizza'),
(60, 60, 'M', 'Classic', 'Capocollo, Red Peppers, Tomatoes, Goat Cheese, Garlic, Oregano', 'The Italian Capocollo Pizza'),
(61, 61, 'L', 'Chicken', 'Chicken, Tomatoes, Red Peppers, Red Onions, Jalapeno Peppers, Corn, Cilantro, Chipotle Sauce', 'The Southwest Chicken Pizza'),
(62, 62, 'S', 'Chicken', 'Chicken, Tomatoes, Red Peppers, Red Onions, Jalapeno Peppers, Corn, Cilantro, Chipotle Sauce', 'The Southwest Chicken Pizza'),
(63, 63, 'M', 'Chicken', 'Barbecued Chicken, Red Peppers, Green Peppers, Tomatoes, Red Onions, Barbecue Sauce', 'The Barbecue Chicken Pizza'),
(64, 64, 'M', 'Classic', 'Capocollo, Red Peppers, Tomatoes, Goat Cheese, Garlic, Oregano', 'The Italian Capocollo Pizza'),
(65, 65, 'M', 'Classic', 'Mozzarella Cheese, Pepperoni', 'The Pepperoni Pizza'),
(66, 66, 'S', 'Supreme', 'Prosciutto di San Daniele, Arugula, Mozzarella Cheese', 'The Prosciutto and Arugula Pizza'),
(67, 67, 'M', 'Supreme', 'Coarse Sicilian Salami, Tomatoes, Green Olives, Luganega Sausage, Onions, Garlic', 'The Sicilian Pizza'),
(68, 68, 'L', 'Chicken', 'Chicken, Pineapple, Tomatoes, Red Peppers, Thai Sweet Chilli Sauce', 'The Thai Chicken Pizza'),
(69, 69, 'S', 'Classic', 'Pepperoni, Mushrooms, Red Onions, Red Peppers, Bacon', 'The Classic Deluxe Pizza'),
(70, 70, 'L', 'Veggie', 'Mushrooms, Tomatoes, Red Peppers, Green Peppers, Red Onions, Zucchini, Spinach, Garlic', 'The Vegetables + Vegetables Pizza'),
(71, 71, 'L', 'Chicken', 'Barbecued Chicken, Red Peppers, Green Peppers, Tomatoes, Red Onions, Barbecue Sauce', 'The Barbecue Chicken Pizza'),
(72, 72, 'M', 'Classic', 'Pepperoni, Mushrooms, Red Onions, Red Peppers, Bacon', 'The Classic Deluxe Pizza'),
(73, 73, 'L', 'Veggie', 'Spinach, Mushrooms, Red Onions, Feta Cheese, Garlic', 'The Spinach and Feta Pizza'),
(74, 74, 'S', 'Chicken', 'Chicken, Red Onions, Red Peppers, Mushrooms, Asiago Cheese, Alfredo Sauce', 'The Chicken Alfredo Pizza'),
(75, 75, 'S', 'Veggie', 'Spinach, Mushrooms, Tomatoes, Green Olives, Feta Cheese', 'The Green Garden Pizza'),
(76, 76, 'L', 'Chicken', 'Chicken, Pineapple, Tomatoes, Red Peppers, Thai Sweet Chilli Sauce', 'The Thai Chicken Pizza'),
(77, 77, 'M', 'Veggie', 'Tomatoes, Red Peppers, Jalapeno Peppers, Red Onions, Cilantro, Corn, Chipotle Sauce, Garlic', 'The Mexicana Pizza'),
(78, 78, 'S', 'Classic', 'Mozzarella Cheese, Pepperoni', 'The Pepperoni Pizza'),
(79, 79, 'S', 'Classic', 'Bacon, Pepperoni, Italian Sausage, Chorizo Sausage', 'The Big Meat Pizza'),
(80, 80, 'L', 'Veggie', 'Spinach, Mushrooms, Tomatoes, Green Olives, Feta Cheese', 'The Green Garden Pizza'),
(81, 81, 'L', 'Classic', 'Capocollo, Red Peppers, Tomatoes, Goat Cheese, Garlic, Oregano', 'The Italian Capocollo Pizza'),
(82, 82, 'M', 'Supreme', 'Calabrese Salami, Capocollo, Tomatoes, Red Onions, Green Olives, Garlic', 'The Italian Supreme Pizza'),
(83, 83, 'L', 'Chicken', 'Barbecued Chicken, Red Peppers, Green Peppers, Tomatoes, Red Onions, Barbecue Sauce', 'The Barbecue Chicken Pizza'),
(84, 84, 'S', 'Veggie', 'Spinach, Mushrooms, Tomatoes, Green Olives, Feta Cheese', 'The Green Garden Pizza'),
(85, 85, 'S', 'Classic', 'Kalamata Olives, Feta Cheese, Tomatoes, Garlic, Beef Chuck Roast, Red Onions', 'The Greek Pizza'),
(86, 86, 'M', 'Veggie', 'Spinach, Mushrooms, Tomatoes, Green Olives, Feta Cheese', 'The Green Garden Pizza'),
(87, 87, 'L', 'Classic', 'Pepperoni, Mushrooms, Green Peppers', 'The Pepperoni, Mushroom, and Peppers Pizza'),
(88, 88, 'M', 'Classic', 'Mozzarella Cheese, Pepperoni', 'The Pepperoni Pizza'),
(89, 89, 'L', 'Chicken', 'Chicken, Pineapple, Tomatoes, Red Peppers, Thai Sweet Chilli Sauce', 'The Thai Chicken Pizza'),
(90, 90, 'M', 'Chicken', 'Barbecued Chicken, Red Peppers, Green Peppers, Tomatoes, Red Onions, Barbecue Sauce', 'The Barbecue Chicken Pizza'),
(91, 91, 'M', 'Classic', 'Pepperoni, Mushrooms, Red Onions, Red Peppers, Bacon', 'The Classic Deluxe Pizza'),
(92, 92, 'L', 'Supreme', 'Calabrese Salami, Capocollo, Tomatoes, Red Onions, Green Olives, Garlic', 'The Italian Supreme Pizza'),
(93, 93, 'L', 'Veggie', 'Tomatoes, Red Peppers, Jalapeno Peppers, Red Onions, Cilantro, Corn, Chipotle Sauce, Garlic', 'The Mexicana Pizza'),
(94, 94, 'S', 'Classic', 'Sliced Ham, Pineapple, Mozzarella Cheese', 'The Hawaiian Pizza'),
(95, 95, 'L', 'Classic', 'Capocollo, Red Peppers, Tomatoes, Goat Cheese, Garlic, Oregano', 'The Italian Capocollo Pizza'),
(96, 96, 'L', 'Supreme', 'Calabrese Salami, Capocollo, Tomatoes, Red Onions, Green Olives, Garlic', 'The Italian Supreme Pizza'),
(97, 97, 'L', 'Veggie', 'Ricotta Cheese, Gorgonzola Piccante Cheese, Mozzarella Cheese, Parmigiano Reggiano Cheese, Garlic', 'The Four Cheese Pizza'),
(98, 98, 'S', 'Chicken', 'Chicken, Tomatoes, Red Peppers, Red Onions, Jalapeno Peppers, Corn, Cilantro, Chipotle Sauce', 'The Southwest Chicken Pizza'),
(99, 99, 'M', 'Veggie', 'Ricotta Cheese, Gorgonzola Piccante Cheese, Mozzarella Cheese, Parmigiano Reggiano Cheese, Garlic', 'The Four Cheese Pizza'),
(100, 100, 'S', 'Veggie', 'Spinach, Mushrooms, Tomatoes, Green Olives, Feta Cheese', 'The Green Garden Pizza'),
(101, 101, 'S', 'Classic', 'Bacon, Pepperoni, Italian Sausage, Chorizo Sausage', 'The Big Meat Pizza'),
(102, 102, 'L', 'Veggie', 'Mozzarella Cheese, Provolone Cheese, Smoked Gouda Cheese, Romano Cheese, Blue Cheese, Garlic', 'The Five Cheese Pizza'),
(103, 103, 'L', 'Veggie', 'Tomatoes, Red Peppers, Jalapeno Peppers, Red Onions, Cilantro, Corn, Chipotle Sauce, Garlic', 'The Mexicana Pizza'),
(104, 104, 'M', 'Supreme', 'Genoa Salami, Capocollo, Pepperoni, Tomatoes, Asiago Cheese, Garlic', 'The Pepper Salami Pizza'),
(105, 105, 'M', 'Chicken', 'Chicken, Red Onions, Red Peppers, Mushrooms, Asiago Cheese, Alfredo Sauce', 'The Chicken Alfredo Pizza'),
(106, 106, 'M', 'Supreme', 'Calabrese Salami, Capocollo, Tomatoes, Red Onions, Green Olives, Garlic', 'The Italian Supreme Pizza'),
(107, 107, 'L', 'Supreme', 'Genoa Salami, Capocollo, Pepperoni, Tomatoes, Asiago Cheese, Garlic', 'The Pepper Salami Pizza'),
(108, 108, 'S', 'Veggie', 'Spinach, Artichokes, Tomatoes, Sun-dried Tomatoes, Garlic, Pesto Sauce', 'The Spinach Pesto Pizza'),
(109, 109, 'L', 'Veggie', 'Ricotta Cheese, Gorgonzola Piccante Cheese, Mozzarella Cheese, Parmigiano Reggiano Cheese, Garlic', 'The Four Cheese Pizza'),
(110, 110, 'S', 'Classic', 'Sliced Ham, Pineapple, Mozzarella Cheese', 'The Hawaiian Pizza'),
(111, 111, 'M', 'Chicken', 'Chicken, Pineapple, Tomatoes, Red Peppers, Thai Sweet Chilli Sauce', 'The Thai Chicken Pizza'),
(112, 112, 'L', 'Chicken', 'Chicken, Tomatoes, Red Peppers, Spinach, Garlic, Pesto Sauce', 'The Chicken Pesto Pizza'),
(113, 113, 'L', 'Classic', 'Pepperoni, Mushrooms, Red Onions, Red Peppers, Bacon', 'The Classic Deluxe Pizza'),
(114, 114, 'M', 'Chicken', 'Chicken, Pineapple, Tomatoes, Red Peppers, Thai Sweet Chilli Sauce', 'The Thai Chicken Pizza'),
(115, 115, 'L', 'Chicken', 'Chicken, Tomatoes, Red Peppers, Red Onions, Jalapeno Peppers, Corn, Cilantro, Chipotle Sauce', 'The Southwest Chicken Pizza'),
(116, 116, 'S', 'Veggie', 'Mushrooms, Tomatoes, Red Peppers, Green Peppers, Red Onions, Zucchini, Spinach, Garlic', 'The Vegetables + Vegetables Pizza'),
(117, 117, 'M', 'Chicken', 'Chicken, Tomatoes, Red Peppers, Spinach, Garlic, Pesto Sauce', 'The Chicken Pesto Pizza'),
(118, 118, 'S', 'Veggie', 'Spinach, Mushrooms, Tomatoes, Green Olives, Feta Cheese', 'The Green Garden Pizza'),
(119, 119, 'L', 'Supreme', 'Prosciutto di San Daniele, Arugula, Mozzarella Cheese', 'The Prosciutto and Arugula Pizza'),
(120, 120, 'L', 'Supreme', 'Capocollo, Tomatoes, Goat Cheese, Artichokes, Peperoncini verdi, Garlic', 'The Spicy Italian Pizza'),
(121, 121, 'L', 'Supreme', 'Coarse Sicilian Salami, Tomatoes, Green Olives, Luganega Sausage, Onions, Garlic', 'The Sicilian Pizza'),
(122, 122, 'XL', 'Classic', 'Kalamata Olives, Feta Cheese, Tomatoes, Garlic, Beef Chuck Roast, Red Onions', 'The Greek Pizza'),
(123, 123, 'L', 'Chicken', 'Barbecued Chicken, Red Peppers, Green Peppers, Tomatoes, Red Onions, Barbecue Sauce', 'The Barbecue Chicken Pizza'),
(124, 124, 'L', 'Classic', 'Pepperoni, Mushrooms, Green Peppers', 'The Pepperoni, Mushroom, and Peppers Pizza'),
(125, 125, 'L', 'Classic', 'Sliced Ham, Pineapple, Mozzarella Cheese', 'The Hawaiian Pizza'),
(126, 126, 'L', 'Veggie', 'Tomatoes, Red Peppers, Jalapeno Peppers, Red Onions, Cilantro, Corn, Chipotle Sauce, Garlic', 'The Mexicana Pizza'),
(127, 127, 'L', 'Supreme', 'Capocollo, Tomatoes, Goat Cheese, Artichokes, Peperoncini verdi, Garlic', 'The Spicy Italian Pizza'),
(128, 128, 'S', 'Classic', 'Pepperoni, Mushrooms, Green Peppers', 'The Pepperoni, Mushroom, and Peppers Pizza'),
(129, 129, 'M', 'Supreme', 'Spinach, Red Onions, Pepperoni, Tomatoes, Artichokes, Kalamata Olives, Garlic, Asiago Cheese', 'The Spinach Supreme Pizza'),
(130, 130, 'M', 'Supreme', 'Prosciutto di San Daniele, Arugula, Mozzarella Cheese', 'The Prosciutto and Arugula Pizza'),
(131, 131, 'L', 'Chicken', 'Chicken, Pineapple, Tomatoes, Red Peppers, Thai Sweet Chilli Sauce', 'The Thai Chicken Pizza'),
(132, 132, 'S', 'Supreme', 'Genoa Salami, Capocollo, Pepperoni, Tomatoes, Asiago Cheese, Garlic', 'The Pepper Salami Pizza'),
(133, 133, 'L', 'Supreme', 'Capocollo, Tomatoes, Goat Cheese, Artichokes, Peperoncini verdi, Garlic', 'The Spicy Italian Pizza'),
(134, 134, 'M', 'Classic', 'Pepperoni, Mushrooms, Red Onions, Red Peppers, Bacon', 'The Classic Deluxe Pizza'),
(135, 135, 'L', 'Veggie', 'Spinach, Artichokes, Kalamata Olives, Sun-dried Tomatoes, Feta Cheese, Plum Tomatoes, Red Onions', 'The Mediterranean Pizza'),
(136, 136, 'M', 'Chicken', 'Chicken, Tomatoes, Red Peppers, Red Onions, Jalapeno Peppers, Corn, Cilantro, Chipotle Sauce', 'The Southwest Chicken Pizza'),
(137, 137, 'M', 'Classic', 'Pepperoni, Mushrooms, Red Onions, Red Peppers, Bacon', 'The Classic Deluxe Pizza'),
(138, 138, 'L', 'Veggie', 'Mozzarella Cheese, Provolone Cheese, Smoked Gouda Cheese, Romano Cheese, Blue Cheese, Garlic', 'The Five Cheese Pizza'),
(139, 139, 'M', 'Classic', 'Mozzarella Cheese, Pepperoni', 'The Pepperoni Pizza'),
(140, 140, 'S', 'Veggie', 'Eggplant, Artichokes, Tomatoes, Zucchini, Red Peppers, Garlic, Pesto Sauce', 'The Italian Vegetables Pizza'),
(141, 141, 'S', 'Classic', 'Pepperoni, Mushrooms, Green Peppers', 'The Pepperoni, Mushroom, and Peppers Pizza'),
(142, 142, 'L', 'Classic', 'Mozzarella Cheese, Pepperoni', 'The Pepperoni Pizza'),
(143, 143, 'L', 'Chicken', 'Chicken, Tomatoes, Red Peppers, Spinach, Garlic, Pesto Sauce', 'The Chicken Pesto Pizza'),
(144, 144, 'M', 'Veggie', 'Ricotta Cheese, Gorgonzola Piccante Cheese, Mozzarella Cheese, Parmigiano Reggiano Cheese, Garlic', 'The Four Cheese Pizza'),
(145, 145, 'M', 'Chicken', 'Barbecued Chicken, Red Peppers, Green Peppers, Tomatoes, Red Onions, Barbecue Sauce', 'The Barbecue Chicken Pizza'),
(146, 146, 'L', 'Supreme', 'Calabrese Salami, Capocollo, Tomatoes, Red Onions, Green Olives, Garlic', 'The Italian Supreme Pizza'),
(147, 147, 'M', 'Chicken', 'Barbecued Chicken, Red Peppers, Green Peppers, Tomatoes, Red Onions, Barbecue Sauce', 'The Barbecue Chicken Pizza'),
(148, 148, 'M', 'Supreme', 'Spinach, Red Onions, Pepperoni, Tomatoes, Artichokes, Kalamata Olives, Garlic, Asiago Cheese', 'The Spinach Supreme Pizza'),
(149, 149, 'M', 'Classic', 'Pepperoni, Mushrooms, Green Peppers', 'The Pepperoni, Mushroom, and Peppers Pizza'),
(150, 150, 'S', 'Classic', 'Bacon, Pepperoni, Italian Sausage, Chorizo Sausage', 'The Big Meat Pizza'),
(151, 151, 'S', 'Classic', 'Pepperoni, Mushrooms, Green Peppers', 'The Pepperoni, Mushroom, and Peppers Pizza'),
(152, 152, 'S', 'Supreme', 'Coarse Sicilian Salami, Tomatoes, Green Olives, Luganega Sausage, Onions, Garlic', 'The Sicilian Pizza'),
(153, 153, 'S', 'Supreme', 'Capocollo, Tomatoes, Goat Cheese, Artichokes, Peperoncini verdi, Garlic', 'The Spicy Italian Pizza'),
(154, 154, 'M', 'Supreme', 'Spinach, Red Onions, Pepperoni, Tomatoes, Artichokes, Kalamata Olives, Garlic, Asiago Cheese', 'The Spinach Supreme Pizza'),
(155, 155, 'M', 'Classic', 'Pepperoni, Mushrooms, Red Onions, Red Peppers, Bacon', 'The Classic Deluxe Pizza'),
(156, 156, 'M', 'Classic', 'Capocollo, Red Peppers, Tomatoes, Goat Cheese, Garlic, Oregano', 'The Italian Capocollo Pizza'),
(157, 157, 'L', 'Chicken', 'Chicken, Tomatoes, Red Peppers, Red Onions, Jalapeno Peppers, Corn, Cilantro, Chipotle Sauce', 'The Southwest Chicken Pizza'),
(158, 158, 'M', 'Classic', 'Pepperoni, Mushrooms, Red Onions, Red Peppers, Bacon', 'The Classic Deluxe Pizza'),
(159, 159, 'L', 'Supreme', 'Calabrese Salami, Capocollo, Tomatoes, Red Onions, Green Olives, Garlic', 'The Italian Supreme Pizza'),
(160, 160, 'M', 'Supreme', 'Calabrese Salami, Capocollo, Tomatoes, Red Onions, Green Olives, Garlic', 'The Italian Supreme Pizza'),
(161, 161, 'L', 'Chicken', 'Barbecued Chicken, Red Peppers, Green Peppers, Tomatoes, Red Onions, Barbecue Sauce', 'The Barbecue Chicken Pizza'),
(162, 162, 'S', 'Veggie', 'Eggplant, Artichokes, Tomatoes, Zucchini, Red Peppers, Garlic, Pesto Sauce', 'The Italian Vegetables Pizza'),
(163, 163, 'L', 'Supreme', 'Soppressata Salami, Fontina Cheese, Mozzarella Cheese, Mushrooms, Garlic', 'The Soppressata Pizza'),
(164, 164, 'L', 'Chicken', 'Chicken, Pineapple, Tomatoes, Red Peppers, Thai Sweet Chilli Sauce', 'The Thai Chicken Pizza'),
(165, 165, 'L', 'Veggie', 'Spinach, Mushrooms, Red Onions, Feta Cheese, Garlic', 'The Spinach and Feta Pizza'),
(166, 166, 'S', 'Chicken', 'Chicken, Pineapple, Tomatoes, Red Peppers, Thai Sweet Chilli Sauce', 'The Thai Chicken Pizza'),
(167, 167, 'L', 'Veggie', 'Mozzarella Cheese, Provolone Cheese, Smoked Gouda Cheese, Romano Cheese, Blue Cheese, Garlic', 'The Five Cheese Pizza'),
(168, 168, 'L', 'Veggie', 'Tomatoes, Red Peppers, Jalapeno Peppers, Red Onions, Cilantro, Corn, Chipotle Sauce, Garlic', 'The Mexicana Pizza'),
(169, 169, 'S', 'Veggie', 'Spinach, Artichokes, Tomatoes, Sun-dried Tomatoes, Garlic, Pesto Sauce', 'The Spinach Pesto Pizza'),
(170, 170, 'L', 'Supreme', 'Spinach, Red Onions, Pepperoni, Tomatoes, Artichokes, Kalamata Olives, Garlic, Asiago Cheese', 'The Spinach Supreme Pizza'),
(171, 171, 'S', 'Supreme', 'Calabrese Salami, Capocollo, Tomatoes, Red Onions, Green Olives, Garlic', 'The Italian Supreme Pizza'),
(172, 172, 'L', 'Veggie', 'Spinach, Artichokes, Kalamata Olives, Sun-dried Tomatoes, Feta Cheese, Plum Tomatoes, Red Onions', 'The Mediterranean Pizza'),
(173, 173, 'L', 'Classic', 'Tomatoes, Anchovies, Green Olives, Red Onions, Garlic', 'The Napolitana Pizza'),
(174, 174, 'S', 'Classic', 'Bacon, Pepperoni, Italian Sausage, Chorizo Sausage', 'The Big Meat Pizza'),
(175, 175, 'L', 'Classic', 'Sliced Ham, Pineapple, Mozzarella Cheese', 'The Hawaiian Pizza'),
(176, 176, 'L', 'Veggie', 'Eggplant, Artichokes, Tomatoes, Zucchini, Red Peppers, Garlic, Pesto Sauce', 'The Italian Vegetables Pizza'),
(177, 177, 'L', 'Supreme', 'Capocollo, Tomatoes, Goat Cheese, Artichokes, Peperoncini verdi, Garlic', 'The Spicy Italian Pizza'),
(178, 178, 'M', 'Chicken', 'Barbecued Chicken, Red Peppers, Green Peppers, Tomatoes, Red Onions, Barbecue Sauce', 'The Barbecue Chicken Pizza'),
(179, 179, 'M', 'Classic', 'Sliced Ham, Pineapple, Mozzarella Cheese', 'The Hawaiian Pizza'),
(180, 180, 'S', 'Classic', 'Bacon, Pepperoni, Italian Sausage, Chorizo Sausage', 'The Big Meat Pizza'),
(181, 181, 'S', 'Classic', 'Pepperoni, Mushrooms, Red Onions, Red Peppers, Bacon', 'The Classic Deluxe Pizza'),
(182, 182, 'L', 'Veggie', 'Ricotta Cheese, Gorgonzola Piccante Cheese, Mozzarella Cheese, Parmigiano Reggiano Cheese, Garlic', 'The Four Cheese Pizza'),
(183, 183, 'M', 'Classic', 'Capocollo, Red Peppers, Tomatoes, Goat Cheese, Garlic, Oregano', 'The Italian Capocollo Pizza'),
(184, 184, 'L', 'Supreme', 'Capocollo, Tomatoes, Goat Cheese, Artichokes, Peperoncini verdi, Garlic', 'The Spicy Italian Pizza'),
(185, 185, 'S', 'Chicken', 'Chicken, Pineapple, Tomatoes, Red Peppers, Thai Sweet Chilli Sauce', 'The Thai Chicken Pizza'),
(186, 186, 'L', 'Classic', 'Capocollo, Red Peppers, Tomatoes, Goat Cheese, Garlic, Oregano', 'The Italian Capocollo Pizza'),
(187, 187, 'S', 'Classic', 'Pepperoni, Mushrooms, Green Peppers', 'The Pepperoni, Mushroom, and Peppers Pizza'),
(188, 188, 'L', 'Chicken', 'Chicken, Pineapple, Tomatoes, Red Peppers, Thai Sweet Chilli Sauce', 'The Thai Chicken Pizza'),
(189, 189, 'S', 'Classic', 'Mozzarella Cheese, Pepperoni', 'The Pepperoni Pizza'),
(190, 190, 'M', 'Chicken', 'Chicken, Pineapple, Tomatoes, Red Peppers, Thai Sweet Chilli Sauce', 'The Thai Chicken Pizza'),
(191, 191, 'L', 'Chicken', 'Chicken, Pineapple, Tomatoes, Red Peppers, Thai Sweet Chilli Sauce', 'The Thai Chicken Pizza'),
(192, 192, 'S', 'Classic', 'Bacon, Pepperoni, Italian Sausage, Chorizo Sausage', 'The Big Meat Pizza'),
(193, 193, 'M', 'Chicken', 'Chicken, Artichoke, Spinach, Garlic, Jalapeno Peppers, Fontina Cheese, Gouda Cheese', 'The California Chicken Pizza'),
(194, 194, 'L', 'Supreme', 'Capocollo, Tomatoes, Goat Cheese, Artichokes, Peperoncini verdi, Garlic', 'The Spicy Italian Pizza'),
(195, 195, 'M', 'Veggie', 'Mushrooms, Tomatoes, Red Peppers, Green Peppers, Red Onions, Zucchini, Spinach, Garlic', 'The Vegetables + Vegetables Pizza'),
(196, 196, 'S', 'Chicken', 'Chicken, Tomatoes, Red Peppers, Red Onions, Jalapeno Peppers, Corn, Cilantro, Chipotle Sauce', 'The Southwest Chicken Pizza'),
(197, 197, 'L', 'Classic', 'Mozzarella Cheese, Pepperoni', 'The Pepperoni Pizza'),
(198, 198, 'M', 'Classic', 'Pepperoni, Mushrooms, Red Onions, Red Peppers, Bacon', 'The Classic Deluxe Pizza'),
(199, 199, 'S', 'Classic', 'Pepperoni, Mushrooms, Red Onions, Red Peppers, Bacon', 'The Classic Deluxe Pizza'),
(200, 200, 'L', 'Supreme', 'Calabrese Salami, Capocollo, Tomatoes, Red Onions, Green Olives, Garlic', 'The Italian Supreme Pizza'),
(201, 201, 'M', 'Classic', 'Kalamata Olives, Feta Cheese, Tomatoes, Garlic, Beef Chuck Roast, Red Onions', 'The Greek Pizza'),
(202, 202, 'L', 'Classic', 'Sliced Ham, Pineapple, Mozzarella Cheese', 'The Hawaiian Pizza'),
(203, 203, 'M', 'Classic', 'Capocollo, Red Peppers, Tomatoes, Goat Cheese, Garlic, Oregano', 'The Italian Capocollo Pizza'),
(204, 204, 'M', 'Veggie', 'Tomatoes, Red Peppers, Jalapeno Peppers, Red Onions, Cilantro, Corn, Chipotle Sauce, Garlic', 'The Mexicana Pizza'),
(205, 205, 'L', 'Supreme', 'Spinach, Red Onions, Pepperoni, Tomatoes, Artichokes, Kalamata Olives, Garlic, Asiago Cheese', 'The Spinach Supreme Pizza'),
(206, 206, 'S', 'Supreme', 'Spinach, Red Onions, Pepperoni, Tomatoes, Artichokes, Kalamata Olives, Garlic, Asiago Cheese', 'The Spinach Supreme Pizza'),
(207, 207, 'L', 'Veggie', 'Mozzarella Cheese, Provolone Cheese, Smoked Gouda Cheese, Romano Cheese, Blue Cheese, Garlic', 'The Five Cheese Pizza'),
(208, 208, 'L', 'Supreme', 'Soppressata Salami, Fontina Cheese, Mozzarella Cheese, Mushrooms, Garlic', 'The Soppressata Pizza'),
(209, 209, 'L', 'Chicken', 'Chicken, Pineapple, Tomatoes, Red Peppers, Thai Sweet Chilli Sauce', 'The Thai Chicken Pizza'),
(210, 210, 'L', 'Supreme', 'Coarse Sicilian Salami, Tomatoes, Green Olives, Luganega Sausage, Onions, Garlic', 'The Sicilian Pizza'),
(211, 211, 'S', 'Chicken', 'Chicken, Pineapple, Tomatoes, Red Peppers, Thai Sweet Chilli Sauce', 'The Thai Chicken Pizza'),
(212, 212, 'L', 'Chicken', 'Barbecued Chicken, Red Peppers, Green Peppers, Tomatoes, Red Onions, Barbecue Sauce', 'The Barbecue Chicken Pizza'),
(213, 213, 'S', 'Chicken', 'Chicken, Tomatoes, Red Peppers, Spinach, Garlic, Pesto Sauce', 'The Chicken Pesto Pizza'),
(214, 214, 'S', 'Classic', 'Mozzarella Cheese, Pepperoni', 'The Pepperoni Pizza'),
(215, 215, 'M', 'Chicken', 'Barbecued Chicken, Red Peppers, Green Peppers, Tomatoes, Red Onions, Barbecue Sauce', 'The Barbecue Chicken Pizza'),
(216, 216, 'L', 'Supreme', 'Calabrese Salami, Capocollo, Tomatoes, Red Onions, Green Olives, Garlic', 'The Italian Supreme Pizza'),
(217, 217, 'M', 'Supreme', 'Calabrese Salami, Capocollo, Tomatoes, Red Onions, Green Olives, Garlic', 'The Italian Supreme Pizza'),
(218, 218, 'S', 'Veggie', 'Eggplant, Artichokes, Tomatoes, Zucchini, Red Peppers, Garlic, Pesto Sauce', 'The Italian Vegetables Pizza'),
(219, 219, 'M', 'Classic', 'Mozzarella Cheese, Pepperoni', 'The Pepperoni Pizza'),
(220, 220, 'M', 'Supreme', 'Genoa Salami, Capocollo, Pepperoni, Tomatoes, Asiago Cheese, Garlic', 'The Pepper Salami Pizza'),
(221, 221, 'S', 'Veggie', 'Spinach, Mushrooms, Red Onions, Feta Cheese, Garlic', 'The Spinach and Feta Pizza'),
(222, 222, 'S', 'Supreme', 'Spinach, Red Onions, Pepperoni, Tomatoes, Artichokes, Kalamata Olives, Garlic, Asiago Cheese', 'The Spinach Supreme Pizza'),
(223, 223, 'M', 'Classic', 'Kalamata Olives, Feta Cheese, Tomatoes, Garlic, Beef Chuck Roast, Red Onions', 'The Greek Pizza'),
(224, 224, 'M', 'Supreme', 'Coarse Sicilian Salami, Tomatoes, Green Olives, Luganega Sausage, Onions, Garlic', 'The Sicilian Pizza'),
(225, 225, 'M', 'Classic', 'Capocollo, Red Peppers, Tomatoes, Goat Cheese, Garlic, Oregano', 'The Italian Capocollo Pizza'),
(226, 226, 'S', 'Chicken', 'Chicken, Tomatoes, Red Peppers, Red Onions, Jalapeno Peppers, Corn, Cilantro, Chipotle Sauce', 'The Southwest Chicken Pizza'),
(227, 227, 'S', 'Classic', 'Tomatoes, Anchovies, Green Olives, Red Onions, Garlic', 'The Napolitana Pizza'),
(228, 228, 'L', 'Supreme', 'Genoa Salami, Capocollo, Pepperoni, Tomatoes, Asiago Cheese, Garlic', 'The Pepper Salami Pizza'),
(229, 229, 'S', 'Classic', 'Tomatoes, Anchovies, Green Olives, Red Onions, Garlic', 'The Napolitana Pizza'),
(230, 230, 'S', 'Classic', 'Bacon, Pepperoni, Italian Sausage, Chorizo Sausage', 'The Big Meat Pizza'),
(231, 231, 'L', 'Classic', 'Pepperoni, Mushrooms, Red Onions, Red Peppers, Bacon', 'The Classic Deluxe Pizza'),
(232, 232, 'L', 'Classic', 'Tomatoes, Anchovies, Green Olives, Red Onions, Garlic', 'The Napolitana Pizza'),
(233, 233, 'L', 'Supreme', 'Calabrese Salami, Capocollo, Tomatoes, Red Onions, Green Olives, Garlic', 'The Italian Supreme Pizza'),
(234, 234, 'L', 'Classic', 'Sliced Ham, Pineapple, Mozzarella Cheese', 'The Hawaiian Pizza'),
(235, 235, 'L', 'Chicken', 'Chicken, Artichoke, Spinach, Garlic, Jalapeno Peppers, Fontina Cheese, Gouda Cheese', 'The California Chicken Pizza'),
(236, 236, 'L', 'Classic', 'Mozzarella Cheese, Pepperoni', 'The Pepperoni Pizza'),
(237, 237, 'L', 'Supreme', 'Soppressata Salami, Fontina Cheese, Mozzarella Cheese, Mushrooms, Garlic', 'The Soppressata Pizza'),
(238, 238, 'M', 'Supreme', 'Capocollo, Tomatoes, Goat Cheese, Artichokes, Peperoncini verdi, Garlic', 'The Spicy Italian Pizza'),
(239, 239, 'S', 'Chicken', 'Barbecued Chicken, Red Peppers, Green Peppers, Tomatoes, Red Onions, Barbecue Sauce', 'The Barbecue Chicken Pizza'),
(240, 240, 'S', 'Supreme', 'Prosciutto di San Daniele, Arugula, Mozzarella Cheese', 'The Prosciutto and Arugula Pizza'),
(241, 241, 'S', 'Supreme', 'Spinach, Red Onions, Pepperoni, Tomatoes, Artichokes, Kalamata Olives, Garlic, Asiago Cheese', 'The Spinach Supreme Pizza'),
(242, 242, 'M', 'Chicken', 'Barbecued Chicken, Red Peppers, Green Peppers, Tomatoes, Red Onions, Barbecue Sauce', 'The Barbecue Chicken Pizza'),
(243, 243, 'M', 'Chicken', 'Chicken, Red Onions, Red Peppers, Mushrooms, Asiago Cheese, Alfredo Sauce', 'The Chicken Alfredo Pizza'),
(244, 244, 'M', 'Veggie', 'Eggplant, Artichokes, Tomatoes, Zucchini, Red Peppers, Garlic, Pesto Sauce', 'The Italian Vegetables Pizza'),
(245, 245, 'L', 'Veggie', 'Mushrooms, Tomatoes, Red Peppers, Green Peppers, Red Onions, Zucchini, Spinach, Garlic', 'The Vegetables + Vegetables Pizza'),
(246, 246, 'S', 'Classic', 'Sliced Ham, Pineapple, Mozzarella Cheese', 'The Hawaiian Pizza'),
(247, 247, 'L', 'Classic', 'Mozzarella Cheese, Pepperoni', 'The Pepperoni Pizza'),
(248, 248, 'M', 'Supreme', 'Prosciutto di San Daniele, Arugula, Mozzarella Cheese', 'The Prosciutto and Arugula Pizza'),
(249, 249, 'L', 'Veggie', 'Tomatoes, Red Peppers, Jalapeno Peppers, Red Onions, Cilantro, Corn, Chipotle Sauce, Garlic', 'The Mexicana Pizza'),
(250, 250, 'L', 'Supreme', 'Capocollo, Tomatoes, Goat Cheese, Artichokes, Peperoncini verdi, Garlic', 'The Spicy Italian Pizza'),
(251, 251, 'L', 'Chicken', 'Chicken, Artichoke, Spinach, Garlic, Jalapeno Peppers, Fontina Cheese, Gouda Cheese', 'The California Chicken Pizza'),
(252, 252, 'M', 'Supreme', 'Calabrese Salami, Capocollo, Tomatoes, Red Onions, Green Olives, Garlic', 'The Italian Supreme Pizza'),
(253, 253, 'L', 'Supreme', 'Capocollo, Tomatoes, Goat Cheese, Artichokes, Peperoncini verdi, Garlic', 'The Spicy Italian Pizza'),
(254, 254, 'L', 'Veggie', 'Mushrooms, Tomatoes, Red Peppers, Green Peppers, Red Onions, Zucchini, Spinach, Garlic', 'The Vegetables + Vegetables Pizza'),
(255, 255, 'L', 'Classic', 'Pepperoni, Mushrooms, Red Onions, Red Peppers, Bacon', 'The Classic Deluxe Pizza'),
(256, 256, 'L', 'Classic', 'Sliced Ham, Pineapple, Mozzarella Cheese', 'The Hawaiian Pizza'),
(257, 257, 'L', 'Supreme', 'Spinach, Red Onions, Pepperoni, Tomatoes, Artichokes, Kalamata Olives, Garlic, Asiago Cheese', 'The Spinach Supreme Pizza'),
(258, 258, 'L', 'Classic', 'Capocollo, Red Peppers, Tomatoes, Goat Cheese, Garlic, Oregano', 'The Italian Capocollo Pizza'),
(259, 259, 'L', 'Supreme', 'Calabrese Salami, Capocollo, Tomatoes, Red Onions, Green Olives, Garlic', 'The Italian Supreme Pizza'),
(260, 260, 'M', 'Classic', 'Mozzarella Cheese, Pepperoni', 'The Pepperoni Pizza'),
(261, 261, 'L', 'Supreme', 'Prosciutto di San Daniele, Arugula, Mozzarella Cheese', 'The Prosciutto and Arugula Pizza'),
(262, 262, 'S', 'Classic', 'Bacon, Pepperoni, Italian Sausage, Chorizo Sausage', 'The Big Meat Pizza'),
(263, 263, 'L', 'Classic', 'Tomatoes, Anchovies, Green Olives, Red Onions, Garlic', 'The Napolitana Pizza'),
(264, 264, 'L', 'Supreme', 'Soppressata Salami, Fontina Cheese, Mozzarella Cheese, Mushrooms, Garlic', 'The Soppressata Pizza'),
(265, 265, 'S', 'Supreme', 'Capocollo, Tomatoes, Goat Cheese, Artichokes, Peperoncini verdi, Garlic', 'The Spicy Italian Pizza'),
(266, 266, 'M', 'Chicken', 'Chicken, Artichoke, Spinach, Garlic, Jalapeno Peppers, Fontina Cheese, Gouda Cheese', 'The California Chicken Pizza'),
(267, 267, 'L', 'Veggie', 'Mozzarella Cheese, Provolone Cheese, Smoked Gouda Cheese, Romano Cheese, Blue Cheese, Garlic', 'The Five Cheese Pizza'),
(268, 268, 'M', 'Classic', 'Mozzarella Cheese, Pepperoni', 'The Pepperoni Pizza'),
(269, 269, 'L', 'Veggie', 'Spinach, Artichokes, Tomatoes, Sun-dried Tomatoes, Garlic, Pesto Sauce', 'The Spinach Pesto Pizza'),
(270, 270, 'S', 'Classic', 'Mozzarella Cheese, Pepperoni', 'The Pepperoni Pizza'),
(271, 271, 'L', 'Chicken', 'Chicken, Artichoke, Spinach, Garlic, Jalapeno Peppers, Fontina Cheese, Gouda Cheese', 'The California Chicken Pizza'),
(272, 272, 'L', 'Veggie', 'Tomatoes, Red Peppers, Jalapeno Peppers, Red Onions, Cilantro, Corn, Chipotle Sauce, Garlic', 'The Mexicana Pizza'),
(273, 273, 'M', 'Chicken', 'Chicken, Tomatoes, Red Peppers, Red Onions, Jalapeno Peppers, Corn, Cilantro, Chipotle Sauce', 'The Southwest Chicken Pizza'),
(274, 274, 'L', 'Classic', 'Mozzarella Cheese, Pepperoni', 'The Pepperoni Pizza'),
(275, 275, 'S', 'Supreme', 'Coarse Sicilian Salami, Tomatoes, Green Olives, Luganega Sausage, Onions, Garlic', 'The Sicilian Pizza'),
(276, 276, 'S', 'Classic', 'Bacon, Pepperoni, Italian Sausage, Chorizo Sausage', 'The Big Meat Pizza'),
(277, 277, 'L', 'Classic', 'Tomatoes, Anchovies, Green Olives, Red Onions, Garlic', 'The Napolitana Pizza'),
(278, 278, 'M', 'Chicken', 'Chicken, Pineapple, Tomatoes, Red Peppers, Thai Sweet Chilli Sauce', 'The Thai Chicken Pizza'),
(279, 279, 'L', 'Veggie', 'Mozzarella Cheese, Provolone Cheese, Smoked Gouda Cheese, Romano Cheese, Blue Cheese, Garlic', 'The Five Cheese Pizza'),
(280, 280, 'M', 'Supreme', 'Genoa Salami, Capocollo, Pepperoni, Tomatoes, Asiago Cheese, Garlic', 'The Pepper Salami Pizza'),
(281, 281, 'L', 'Supreme', 'Coarse Sicilian Salami, Tomatoes, Green Olives, Luganega Sausage, Onions, Garlic', 'The Sicilian Pizza'),
(282, 282, 'L', 'Supreme', 'Prosciutto di San Daniele, Arugula, Mozzarella Cheese', 'The Prosciutto and Arugula Pizza'),
(283, 283, 'S', 'Veggie', 'Spinach, Mushrooms, Red Onions, Feta Cheese, Garlic', 'The Spinach and Feta Pizza'),
(284, 284, 'M', 'Veggie', 'Ricotta Cheese, Gorgonzola Piccante Cheese, Mozzarella Cheese, Parmigiano Reggiano Cheese, Garlic', 'The Four Cheese Pizza'),
(285, 285, 'S', 'Classic', 'Pepperoni, Mushrooms, Red Onions, Red Peppers, Bacon', 'The Classic Deluxe Pizza'),
(286, 286, 'S', 'Classic', 'Sliced Ham, Pineapple, Mozzarella Cheese', 'The Hawaiian Pizza'),
(287, 287, 'L', 'Veggie', 'Spinach, Mushrooms, Red Onions, Feta Cheese, Garlic', 'The Spinach and Feta Pizza'),
(288, 288, 'M', 'Chicken', 'Barbecued Chicken, Red Peppers, Green Peppers, Tomatoes, Red Onions, Barbecue Sauce', 'The Barbecue Chicken Pizza'),
(289, 289, 'L', 'Veggie', 'Ricotta Cheese, Gorgonzola Piccante Cheese, Mozzarella Cheese, Parmigiano Reggiano Cheese, Garlic', 'The Four Cheese Pizza'),
(290, 290, 'L', 'Supreme', 'Coarse Sicilian Salami, Tomatoes, Green Olives, Luganega Sausage, Onions, Garlic', 'The Sicilian Pizza'),
(291, 291, 'L', 'Chicken', 'Chicken, Tomatoes, Red Peppers, Red Onions, Jalapeno Peppers, Corn, Cilantro, Chipotle Sauce', 'The Southwest Chicken Pizza'),
(292, 292, 'M', 'Supreme', 'Calabrese Salami, Capocollo, Tomatoes, Red Onions, Green Olives, Garlic', 'The Italian Supreme Pizza'),
(293, 293, 'S', 'Classic', 'Capocollo, Red Peppers, Tomatoes, Goat Cheese, Garlic, Oregano', 'The Italian Capocollo Pizza'),
(294, 294, 'S', 'Chicken', 'Barbecued Chicken, Red Peppers, Green Peppers, Tomatoes, Red Onions, Barbecue Sauce', 'The Barbecue Chicken Pizza'),
(295, 295, 'L', 'Supreme', 'Coarse Sicilian Salami, Tomatoes, Green Olives, Luganega Sausage, Onions, Garlic', 'The Sicilian Pizza'),
(296, 296, 'L', 'Supreme', 'Capocollo, Tomatoes, Goat Cheese, Artichokes, Peperoncini verdi, Garlic', 'The Spicy Italian Pizza'),
(297, 297, 'S', 'Classic', 'Kalamata Olives, Feta Cheese, Tomatoes, Garlic, Beef Chuck Roast, Red Onions', 'The Greek Pizza'),
(298, 298, 'XL', 'Classic', 'Kalamata Olives, Feta Cheese, Tomatoes, Garlic, Beef Chuck Roast, Red Onions', 'The Greek Pizza'),
(299, 299, 'L', 'Veggie', 'Mushrooms, Tomatoes, Red Peppers, Green Peppers, Red Onions, Zucchini, Spinach, Garlic', 'The Vegetables + Vegetables Pizza'),
(300, 300, 'M', 'Classic', 'Mozzarella Cheese, Pepperoni', 'The Pepperoni Pizza');

-- --------------------------------------------------------

--
-- Table structure for table `PizzaIngredients`
--

CREATE TABLE `PizzaIngredients` (
  `ingredient_id` int(11) NOT NULL,
  `pizza_id` int(11) DEFAULT NULL,
  `pizza_ingredients` text DEFAULT NULL
) ENGINE=InnoDB DEFAULT CHARSET=utf8mb4 COLLATE=utf8mb4_general_ci;

--
-- Dumping data for table `PizzaIngredients`
--

INSERT INTO `PizzaIngredients` (`ingredient_id`, `pizza_id`, `pizza_ingredients`) VALUES
(1, 1, 'Sliced Ham, Pineapple, Mozzarella Cheese'),
(2, 2, 'Pepperoni, Mushrooms, Red Onions, Red Peppers, Bacon'),
(3, 3, 'Mozzarella Cheese, Provolone Cheese, Smoked Gouda Cheese, Romano Cheese, Blue Cheese, Garlic'),
(4, 4, 'Calabrese Salami, Capocollo, Tomatoes, Red Onions, Green Olives, Garlic'),
(5, 5, 'Tomatoes, Red Peppers, Jalapeno Peppers, Red Onions, Cilantro, Corn, Chipotle Sauce, Garlic'),
(6, 6, 'Chicken, Pineapple, Tomatoes, Red Peppers, Thai Sweet Chilli Sauce'),
(7, 7, 'Calabrese Salami, Capocollo, Tomatoes, Red Onions, Green Olives, Garlic'),
(8, 8, 'Prosciutto di San Daniele, Arugula, Mozzarella Cheese'),
(9, 9, 'Calabrese Salami, Capocollo, Tomatoes, Red Onions, Green Olives, Garlic'),
(10, 10, 'Calabrese Salami, Capocollo, Tomatoes, Red Onions, Green Olives, Garlic'),
(11, 11, 'Barbecued Chicken, Red Peppers, Green Peppers, Tomatoes, Red Onions, Barbecue Sauce'),
(12, 12, 'Kalamata Olives, Feta Cheese, Tomatoes, Garlic, Beef Chuck Roast, Red Onions'),
(13, 13, 'Spinach, Red Onions, Pepperoni, Tomatoes, Artichokes, Kalamata Olives, Garlic, Asiago Cheese'),
(14, 14, 'Spinach, Red Onions, Pepperoni, Tomatoes, Artichokes, Kalamata Olives, Garlic, Asiago Cheese'),
(15, 15, 'Pepperoni, Mushrooms, Red Onions, Red Peppers, Bacon'),
(16, 16, 'Spinach, Mushrooms, Tomatoes, Green Olives, Feta Cheese'),
(17, 17, 'Capocollo, Red Peppers, Tomatoes, Goat Cheese, Garlic, Oregano'),
(18, 18, 'Calabrese Salami, Capocollo, Tomatoes, Red Onions, Green Olives, Garlic'),
(19, 19, 'Calabrese Salami, Capocollo, Tomatoes, Red Onions, Green Olives, Garlic'),
(20, 20, 'Tomatoes, Red Peppers, Jalapeno Peppers, Red Onions, Cilantro, Corn, Chipotle Sauce, Garlic'),
(21, 21, 'Capocollo, Tomatoes, Goat Cheese, Artichokes, Peperoncini verdi, Garlic'),
(22, 22, 'Spinach, Artichokes, Tomatoes, Sun-dried Tomatoes, Garlic, Pesto Sauce'),
(23, 23, 'Mushrooms, Tomatoes, Red Peppers, Green Peppers, Red Onions, Zucchini, Spinach, Garlic'),
(24, 24, 'Tomatoes, Red Peppers, Jalapeno Peppers, Red Onions, Cilantro, Corn, Chipotle Sauce, Garlic'),
(25, 25, 'Chicken, Tomatoes, Red Peppers, Red Onions, Jalapeno Peppers, Corn, Cilantro, Chipotle Sauce'),
(26, 26, 'Barbecued Chicken, Red Peppers, Green Peppers, Tomatoes, Red Onions, Barbecue Sauce'),
(27, 27, 'Chicken, Artichoke, Spinach, Garlic, Jalapeno Peppers, Fontina Cheese, Gouda Cheese'),
(28, 28, 'Chicken, Artichoke, Spinach, Garlic, Jalapeno Peppers, Fontina Cheese, Gouda Cheese'),
(29, 29, 'Mozzarella Cheese, Pepperoni'),
(30, 30, 'Chicken, Artichoke, Spinach, Garlic, Jalapeno Peppers, Fontina Cheese, Gouda Cheese'),
(31, 31, 'Chicken, Artichoke, Spinach, Garlic, Jalapeno Peppers, Fontina Cheese, Gouda Cheese'),
(32, 32, 'Chicken, Tomatoes, Red Peppers, Spinach, Garlic, Pesto Sauce'),
(33, 33, 'Calabrese Salami, Capocollo, Tomatoes, Red Onions, Green Olives, Garlic'),
(34, 34, 'Tomatoes, Red Peppers, Jalapeno Peppers, Red Onions, Cilantro, Corn, Chipotle Sauce, Garlic'),
(35, 35, 'Kalamata Olives, Feta Cheese, Tomatoes, Garlic, Beef Chuck Roast, Red Onions'),
(36, 36, 'Bacon, Pepperoni, Italian Sausage, Chorizo Sausage'),
(37, 37, 'Mozzarella Cheese, Provolone Cheese, Smoked Gouda Cheese, Romano Cheese, Blue Cheese, Garlic'),
(38, 38, 'Soppressata Salami, Fontina Cheese, Mozzarella Cheese, Mushrooms, Garlic'),
(39, 39, 'Kalamata Olives, Feta Cheese, Tomatoes, Garlic, Beef Chuck Roast, Red Onions'),
(40, 40, 'Ricotta Cheese, Gorgonzola Piccante Cheese, Mozzarella Cheese, Parmigiano Reggiano Cheese, Garlic'),
(41, 41, 'Tomatoes, Anchovies, Green Olives, Red Onions, Garlic'),
(42, 42, 'Chicken, Pineapple, Tomatoes, Red Peppers, Thai Sweet Chilli Sauce'),
(43, 43, 'Barbecued Chicken, Red Peppers, Green Peppers, Tomatoes, Red Onions, Barbecue Sauce'),
(44, 44, '?duja Salami, Pancetta, Tomatoes, Red Onions, Friggitello Peppers, Garlic'),
(45, 45, 'Mozzarella Cheese, Provolone Cheese, Smoked Gouda Cheese, Romano Cheese, Blue Cheese, Garlic'),
(46, 46, 'Ricotta Cheese, Gorgonzola Piccante Cheese, Mozzarella Cheese, Parmigiano Reggiano Cheese, Garlic'),
(47, 47, 'Calabrese Salami, Capocollo, Tomatoes, Red Onions, Green Olives, Garlic'),
(48, 48, 'Eggplant, Artichokes, Tomatoes, Zucchini, Red Peppers, Garlic, Pesto Sauce'),
(49, 49, 'Spinach, Artichokes, Kalamata Olives, Sun-dried Tomatoes, Feta Cheese, Plum Tomatoes, Red Onions'),
(50, 50, 'Tomatoes, Red Peppers, Jalapeno Peppers, Red Onions, Cilantro, Corn, Chipotle Sauce, Garlic'),
(51, 51, 'Genoa Salami, Capocollo, Pepperoni, Tomatoes, Asiago Cheese, Garlic'),
(52, 52, 'Spinach, Mushrooms, Red Onions, Feta Cheese, Garlic'),
(53, 53, 'Tomatoes, Anchovies, Green Olives, Red Onions, Garlic'),
(54, 54, 'Capocollo, Red Peppers, Tomatoes, Goat Cheese, Garlic, Oregano'),
(55, 55, 'Coarse Sicilian Salami, Tomatoes, Green Olives, Luganega Sausage, Onions, Garlic'),
(56, 56, 'Bacon, Pepperoni, Italian Sausage, Chorizo Sausage'),
(57, 57, 'Mozzarella Cheese, Provolone Cheese, Smoked Gouda Cheese, Romano Cheese, Blue Cheese, Garlic'),
(58, 58, 'Capocollo, Red Peppers, Tomatoes, Goat Cheese, Garlic, Oregano'),
(59, 59, 'Mozzarella Cheese, Provolone Cheese, Smoked Gouda Cheese, Romano Cheese, Blue Cheese, Garlic'),
(60, 60, 'Capocollo, Red Peppers, Tomatoes, Goat Cheese, Garlic, Oregano'),
(61, 61, 'Chicken, Tomatoes, Red Peppers, Red Onions, Jalapeno Peppers, Corn, Cilantro, Chipotle Sauce'),
(62, 62, 'Chicken, Tomatoes, Red Peppers, Red Onions, Jalapeno Peppers, Corn, Cilantro, Chipotle Sauce'),
(63, 63, 'Barbecued Chicken, Red Peppers, Green Peppers, Tomatoes, Red Onions, Barbecue Sauce'),
(64, 64, 'Capocollo, Red Peppers, Tomatoes, Goat Cheese, Garlic, Oregano'),
(65, 65, 'Mozzarella Cheese, Pepperoni'),
(66, 66, 'Prosciutto di San Daniele, Arugula, Mozzarella Cheese'),
(67, 67, 'Coarse Sicilian Salami, Tomatoes, Green Olives, Luganega Sausage, Onions, Garlic'),
(68, 68, 'Chicken, Pineapple, Tomatoes, Red Peppers, Thai Sweet Chilli Sauce'),
(69, 69, 'Pepperoni, Mushrooms, Red Onions, Red Peppers, Bacon'),
(70, 70, 'Mushrooms, Tomatoes, Red Peppers, Green Peppers, Red Onions, Zucchini, Spinach, Garlic'),
(71, 71, 'Barbecued Chicken, Red Peppers, Green Peppers, Tomatoes, Red Onions, Barbecue Sauce'),
(72, 72, 'Pepperoni, Mushrooms, Red Onions, Red Peppers, Bacon'),
(73, 73, 'Spinach, Mushrooms, Red Onions, Feta Cheese, Garlic'),
(74, 74, 'Chicken, Red Onions, Red Peppers, Mushrooms, Asiago Cheese, Alfredo Sauce'),
(75, 75, 'Spinach, Mushrooms, Tomatoes, Green Olives, Feta Cheese'),
(76, 76, 'Chicken, Pineapple, Tomatoes, Red Peppers, Thai Sweet Chilli Sauce'),
(77, 77, 'Tomatoes, Red Peppers, Jalapeno Peppers, Red Onions, Cilantro, Corn, Chipotle Sauce, Garlic'),
(78, 78, 'Mozzarella Cheese, Pepperoni'),
(79, 79, 'Bacon, Pepperoni, Italian Sausage, Chorizo Sausage'),
(80, 80, 'Spinach, Mushrooms, Tomatoes, Green Olives, Feta Cheese'),
(81, 81, 'Capocollo, Red Peppers, Tomatoes, Goat Cheese, Garlic, Oregano'),
(82, 82, 'Calabrese Salami, Capocollo, Tomatoes, Red Onions, Green Olives, Garlic'),
(83, 83, 'Barbecued Chicken, Red Peppers, Green Peppers, Tomatoes, Red Onions, Barbecue Sauce'),
(84, 84, 'Spinach, Mushrooms, Tomatoes, Green Olives, Feta Cheese'),
(85, 85, 'Kalamata Olives, Feta Cheese, Tomatoes, Garlic, Beef Chuck Roast, Red Onions'),
(86, 86, 'Spinach, Mushrooms, Tomatoes, Green Olives, Feta Cheese'),
(87, 87, 'Pepperoni, Mushrooms, Green Peppers'),
(88, 88, 'Mozzarella Cheese, Pepperoni'),
(89, 89, 'Chicken, Pineapple, Tomatoes, Red Peppers, Thai Sweet Chilli Sauce'),
(90, 90, 'Barbecued Chicken, Red Peppers, Green Peppers, Tomatoes, Red Onions, Barbecue Sauce'),
(91, 91, 'Pepperoni, Mushrooms, Red Onions, Red Peppers, Bacon'),
(92, 92, 'Calabrese Salami, Capocollo, Tomatoes, Red Onions, Green Olives, Garlic'),
(93, 93, 'Tomatoes, Red Peppers, Jalapeno Peppers, Red Onions, Cilantro, Corn, Chipotle Sauce, Garlic'),
(94, 94, 'Sliced Ham, Pineapple, Mozzarella Cheese'),
(95, 95, 'Capocollo, Red Peppers, Tomatoes, Goat Cheese, Garlic, Oregano'),
(96, 96, 'Calabrese Salami, Capocollo, Tomatoes, Red Onions, Green Olives, Garlic'),
(97, 97, 'Ricotta Cheese, Gorgonzola Piccante Cheese, Mozzarella Cheese, Parmigiano Reggiano Cheese, Garlic'),
(98, 98, 'Chicken, Tomatoes, Red Peppers, Red Onions, Jalapeno Peppers, Corn, Cilantro, Chipotle Sauce'),
(99, 99, 'Ricotta Cheese, Gorgonzola Piccante Cheese, Mozzarella Cheese, Parmigiano Reggiano Cheese, Garlic'),
(100, 100, 'Spinach, Mushrooms, Tomatoes, Green Olives, Feta Cheese'),
(101, 101, 'Bacon, Pepperoni, Italian Sausage, Chorizo Sausage'),
(102, 102, 'Mozzarella Cheese, Provolone Cheese, Smoked Gouda Cheese, Romano Cheese, Blue Cheese, Garlic'),
(103, 103, 'Tomatoes, Red Peppers, Jalapeno Peppers, Red Onions, Cilantro, Corn, Chipotle Sauce, Garlic'),
(104, 104, 'Genoa Salami, Capocollo, Pepperoni, Tomatoes, Asiago Cheese, Garlic'),
(105, 105, 'Chicken, Red Onions, Red Peppers, Mushrooms, Asiago Cheese, Alfredo Sauce'),
(106, 106, 'Calabrese Salami, Capocollo, Tomatoes, Red Onions, Green Olives, Garlic'),
(107, 107, 'Genoa Salami, Capocollo, Pepperoni, Tomatoes, Asiago Cheese, Garlic'),
(108, 108, 'Spinach, Artichokes, Tomatoes, Sun-dried Tomatoes, Garlic, Pesto Sauce'),
(109, 109, 'Ricotta Cheese, Gorgonzola Piccante Cheese, Mozzarella Cheese, Parmigiano Reggiano Cheese, Garlic'),
(110, 110, 'Sliced Ham, Pineapple, Mozzarella Cheese'),
(111, 111, 'Chicken, Pineapple, Tomatoes, Red Peppers, Thai Sweet Chilli Sauce'),
(112, 112, 'Chicken, Tomatoes, Red Peppers, Spinach, Garlic, Pesto Sauce'),
(113, 113, 'Pepperoni, Mushrooms, Red Onions, Red Peppers, Bacon'),
(114, 114, 'Chicken, Pineapple, Tomatoes, Red Peppers, Thai Sweet Chilli Sauce'),
(115, 115, 'Chicken, Tomatoes, Red Peppers, Red Onions, Jalapeno Peppers, Corn, Cilantro, Chipotle Sauce'),
(116, 116, 'Mushrooms, Tomatoes, Red Peppers, Green Peppers, Red Onions, Zucchini, Spinach, Garlic'),
(117, 117, 'Chicken, Tomatoes, Red Peppers, Spinach, Garlic, Pesto Sauce'),
(118, 118, 'Spinach, Mushrooms, Tomatoes, Green Olives, Feta Cheese'),
(119, 119, 'Prosciutto di San Daniele, Arugula, Mozzarella Cheese'),
(120, 120, 'Capocollo, Tomatoes, Goat Cheese, Artichokes, Peperoncini verdi, Garlic'),
(121, 121, 'Coarse Sicilian Salami, Tomatoes, Green Olives, Luganega Sausage, Onions, Garlic'),
(122, 122, 'Kalamata Olives, Feta Cheese, Tomatoes, Garlic, Beef Chuck Roast, Red Onions'),
(123, 123, 'Barbecued Chicken, Red Peppers, Green Peppers, Tomatoes, Red Onions, Barbecue Sauce'),
(124, 124, 'Pepperoni, Mushrooms, Green Peppers'),
(125, 125, 'Sliced Ham, Pineapple, Mozzarella Cheese'),
(126, 126, 'Tomatoes, Red Peppers, Jalapeno Peppers, Red Onions, Cilantro, Corn, Chipotle Sauce, Garlic'),
(127, 127, 'Capocollo, Tomatoes, Goat Cheese, Artichokes, Peperoncini verdi, Garlic'),
(128, 128, 'Pepperoni, Mushrooms, Green Peppers'),
(129, 129, 'Spinach, Red Onions, Pepperoni, Tomatoes, Artichokes, Kalamata Olives, Garlic, Asiago Cheese'),
(130, 130, 'Prosciutto di San Daniele, Arugula, Mozzarella Cheese'),
(131, 131, 'Chicken, Pineapple, Tomatoes, Red Peppers, Thai Sweet Chilli Sauce'),
(132, 132, 'Genoa Salami, Capocollo, Pepperoni, Tomatoes, Asiago Cheese, Garlic'),
(133, 133, 'Capocollo, Tomatoes, Goat Cheese, Artichokes, Peperoncini verdi, Garlic'),
(134, 134, 'Pepperoni, Mushrooms, Red Onions, Red Peppers, Bacon'),
(135, 135, 'Spinach, Artichokes, Kalamata Olives, Sun-dried Tomatoes, Feta Cheese, Plum Tomatoes, Red Onions'),
(136, 136, 'Chicken, Tomatoes, Red Peppers, Red Onions, Jalapeno Peppers, Corn, Cilantro, Chipotle Sauce'),
(137, 137, 'Pepperoni, Mushrooms, Red Onions, Red Peppers, Bacon'),
(138, 138, 'Mozzarella Cheese, Provolone Cheese, Smoked Gouda Cheese, Romano Cheese, Blue Cheese, Garlic'),
(139, 139, 'Mozzarella Cheese, Pepperoni'),
(140, 140, 'Eggplant, Artichokes, Tomatoes, Zucchini, Red Peppers, Garlic, Pesto Sauce'),
(141, 141, 'Pepperoni, Mushrooms, Green Peppers'),
(142, 142, 'Mozzarella Cheese, Pepperoni'),
(143, 143, 'Chicken, Tomatoes, Red Peppers, Spinach, Garlic, Pesto Sauce'),
(144, 144, 'Ricotta Cheese, Gorgonzola Piccante Cheese, Mozzarella Cheese, Parmigiano Reggiano Cheese, Garlic'),
(145, 145, 'Barbecued Chicken, Red Peppers, Green Peppers, Tomatoes, Red Onions, Barbecue Sauce'),
(146, 146, 'Calabrese Salami, Capocollo, Tomatoes, Red Onions, Green Olives, Garlic'),
(147, 147, 'Barbecued Chicken, Red Peppers, Green Peppers, Tomatoes, Red Onions, Barbecue Sauce'),
(148, 148, 'Spinach, Red Onions, Pepperoni, Tomatoes, Artichokes, Kalamata Olives, Garlic, Asiago Cheese'),
(149, 149, 'Pepperoni, Mushrooms, Green Peppers'),
(150, 150, 'Bacon, Pepperoni, Italian Sausage, Chorizo Sausage'),
(151, 151, 'Pepperoni, Mushrooms, Green Peppers'),
(152, 152, 'Coarse Sicilian Salami, Tomatoes, Green Olives, Luganega Sausage, Onions, Garlic'),
(153, 153, 'Capocollo, Tomatoes, Goat Cheese, Artichokes, Peperoncini verdi, Garlic'),
(154, 154, 'Spinach, Red Onions, Pepperoni, Tomatoes, Artichokes, Kalamata Olives, Garlic, Asiago Cheese'),
(155, 155, 'Pepperoni, Mushrooms, Red Onions, Red Peppers, Bacon'),
(156, 156, 'Capocollo, Red Peppers, Tomatoes, Goat Cheese, Garlic, Oregano'),
(157, 157, 'Chicken, Tomatoes, Red Peppers, Red Onions, Jalapeno Peppers, Corn, Cilantro, Chipotle Sauce'),
(158, 158, 'Pepperoni, Mushrooms, Red Onions, Red Peppers, Bacon'),
(159, 159, 'Calabrese Salami, Capocollo, Tomatoes, Red Onions, Green Olives, Garlic'),
(160, 160, 'Calabrese Salami, Capocollo, Tomatoes, Red Onions, Green Olives, Garlic'),
(161, 161, 'Barbecued Chicken, Red Peppers, Green Peppers, Tomatoes, Red Onions, Barbecue Sauce'),
(162, 162, 'Eggplant, Artichokes, Tomatoes, Zucchini, Red Peppers, Garlic, Pesto Sauce'),
(163, 163, 'Soppressata Salami, Fontina Cheese, Mozzarella Cheese, Mushrooms, Garlic'),
(164, 164, 'Chicken, Pineapple, Tomatoes, Red Peppers, Thai Sweet Chilli Sauce'),
(165, 165, 'Spinach, Mushrooms, Red Onions, Feta Cheese, Garlic'),
(166, 166, 'Chicken, Pineapple, Tomatoes, Red Peppers, Thai Sweet Chilli Sauce'),
(167, 167, 'Mozzarella Cheese, Provolone Cheese, Smoked Gouda Cheese, Romano Cheese, Blue Cheese, Garlic'),
(168, 168, 'Tomatoes, Red Peppers, Jalapeno Peppers, Red Onions, Cilantro, Corn, Chipotle Sauce, Garlic'),
(169, 169, 'Spinach, Artichokes, Tomatoes, Sun-dried Tomatoes, Garlic, Pesto Sauce'),
(170, 170, 'Spinach, Red Onions, Pepperoni, Tomatoes, Artichokes, Kalamata Olives, Garlic, Asiago Cheese'),
(171, 171, 'Calabrese Salami, Capocollo, Tomatoes, Red Onions, Green Olives, Garlic'),
(172, 172, 'Spinach, Artichokes, Kalamata Olives, Sun-dried Tomatoes, Feta Cheese, Plum Tomatoes, Red Onions'),
(173, 173, 'Tomatoes, Anchovies, Green Olives, Red Onions, Garlic'),
(174, 174, 'Bacon, Pepperoni, Italian Sausage, Chorizo Sausage'),
(175, 175, 'Sliced Ham, Pineapple, Mozzarella Cheese'),
(176, 176, 'Eggplant, Artichokes, Tomatoes, Zucchini, Red Peppers, Garlic, Pesto Sauce'),
(177, 177, 'Capocollo, Tomatoes, Goat Cheese, Artichokes, Peperoncini verdi, Garlic'),
(178, 178, 'Barbecued Chicken, Red Peppers, Green Peppers, Tomatoes, Red Onions, Barbecue Sauce'),
(179, 179, 'Sliced Ham, Pineapple, Mozzarella Cheese'),
(180, 180, 'Bacon, Pepperoni, Italian Sausage, Chorizo Sausage'),
(181, 181, 'Pepperoni, Mushrooms, Red Onions, Red Peppers, Bacon'),
(182, 182, 'Ricotta Cheese, Gorgonzola Piccante Cheese, Mozzarella Cheese, Parmigiano Reggiano Cheese, Garlic'),
(183, 183, 'Capocollo, Red Peppers, Tomatoes, Goat Cheese, Garlic, Oregano'),
(184, 184, 'Capocollo, Tomatoes, Goat Cheese, Artichokes, Peperoncini verdi, Garlic'),
(185, 185, 'Chicken, Pineapple, Tomatoes, Red Peppers, Thai Sweet Chilli Sauce'),
(186, 186, 'Capocollo, Red Peppers, Tomatoes, Goat Cheese, Garlic, Oregano'),
(187, 187, 'Pepperoni, Mushrooms, Green Peppers'),
(188, 188, 'Chicken, Pineapple, Tomatoes, Red Peppers, Thai Sweet Chilli Sauce'),
(189, 189, 'Mozzarella Cheese, Pepperoni'),
(190, 190, 'Chicken, Pineapple, Tomatoes, Red Peppers, Thai Sweet Chilli Sauce'),
(191, 191, 'Chicken, Pineapple, Tomatoes, Red Peppers, Thai Sweet Chilli Sauce'),
(192, 192, 'Bacon, Pepperoni, Italian Sausage, Chorizo Sausage'),
(193, 193, 'Chicken, Artichoke, Spinach, Garlic, Jalapeno Peppers, Fontina Cheese, Gouda Cheese'),
(194, 194, 'Capocollo, Tomatoes, Goat Cheese, Artichokes, Peperoncini verdi, Garlic'),
(195, 195, 'Mushrooms, Tomatoes, Red Peppers, Green Peppers, Red Onions, Zucchini, Spinach, Garlic'),
(196, 196, 'Chicken, Tomatoes, Red Peppers, Red Onions, Jalapeno Peppers, Corn, Cilantro, Chipotle Sauce'),
(197, 197, 'Mozzarella Cheese, Pepperoni'),
(198, 198, 'Pepperoni, Mushrooms, Red Onions, Red Peppers, Bacon'),
(199, 199, 'Pepperoni, Mushrooms, Red Onions, Red Peppers, Bacon'),
(200, 200, 'Calabrese Salami, Capocollo, Tomatoes, Red Onions, Green Olives, Garlic'),
(201, 201, 'Kalamata Olives, Feta Cheese, Tomatoes, Garlic, Beef Chuck Roast, Red Onions'),
(202, 202, 'Sliced Ham, Pineapple, Mozzarella Cheese'),
(203, 203, 'Capocollo, Red Peppers, Tomatoes, Goat Cheese, Garlic, Oregano'),
(204, 204, 'Tomatoes, Red Peppers, Jalapeno Peppers, Red Onions, Cilantro, Corn, Chipotle Sauce, Garlic'),
(205, 205, 'Spinach, Red Onions, Pepperoni, Tomatoes, Artichokes, Kalamata Olives, Garlic, Asiago Cheese'),
(206, 206, 'Spinach, Red Onions, Pepperoni, Tomatoes, Artichokes, Kalamata Olives, Garlic, Asiago Cheese'),
(207, 207, 'Mozzarella Cheese, Provolone Cheese, Smoked Gouda Cheese, Romano Cheese, Blue Cheese, Garlic'),
(208, 208, 'Soppressata Salami, Fontina Cheese, Mozzarella Cheese, Mushrooms, Garlic'),
(209, 209, 'Chicken, Pineapple, Tomatoes, Red Peppers, Thai Sweet Chilli Sauce'),
(210, 210, 'Coarse Sicilian Salami, Tomatoes, Green Olives, Luganega Sausage, Onions, Garlic'),
(211, 211, 'Chicken, Pineapple, Tomatoes, Red Peppers, Thai Sweet Chilli Sauce'),
(212, 212, 'Barbecued Chicken, Red Peppers, Green Peppers, Tomatoes, Red Onions, Barbecue Sauce'),
(213, 213, 'Chicken, Tomatoes, Red Peppers, Spinach, Garlic, Pesto Sauce'),
(214, 214, 'Mozzarella Cheese, Pepperoni'),
(215, 215, 'Barbecued Chicken, Red Peppers, Green Peppers, Tomatoes, Red Onions, Barbecue Sauce'),
(216, 216, 'Calabrese Salami, Capocollo, Tomatoes, Red Onions, Green Olives, Garlic'),
(217, 217, 'Calabrese Salami, Capocollo, Tomatoes, Red Onions, Green Olives, Garlic'),
(218, 218, 'Eggplant, Artichokes, Tomatoes, Zucchini, Red Peppers, Garlic, Pesto Sauce'),
(219, 219, 'Mozzarella Cheese, Pepperoni'),
(220, 220, 'Genoa Salami, Capocollo, Pepperoni, Tomatoes, Asiago Cheese, Garlic'),
(221, 221, 'Spinach, Mushrooms, Red Onions, Feta Cheese, Garlic'),
(222, 222, 'Spinach, Red Onions, Pepperoni, Tomatoes, Artichokes, Kalamata Olives, Garlic, Asiago Cheese'),
(223, 223, 'Kalamata Olives, Feta Cheese, Tomatoes, Garlic, Beef Chuck Roast, Red Onions'),
(224, 224, 'Coarse Sicilian Salami, Tomatoes, Green Olives, Luganega Sausage, Onions, Garlic'),
(225, 225, 'Capocollo, Red Peppers, Tomatoes, Goat Cheese, Garlic, Oregano'),
(226, 226, 'Chicken, Tomatoes, Red Peppers, Red Onions, Jalapeno Peppers, Corn, Cilantro, Chipotle Sauce'),
(227, 227, 'Tomatoes, Anchovies, Green Olives, Red Onions, Garlic'),
(228, 228, 'Genoa Salami, Capocollo, Pepperoni, Tomatoes, Asiago Cheese, Garlic'),
(229, 229, 'Tomatoes, Anchovies, Green Olives, Red Onions, Garlic'),
(230, 230, 'Bacon, Pepperoni, Italian Sausage, Chorizo Sausage'),
(231, 231, 'Pepperoni, Mushrooms, Red Onions, Red Peppers, Bacon'),
(232, 232, 'Tomatoes, Anchovies, Green Olives, Red Onions, Garlic'),
(233, 233, 'Calabrese Salami, Capocollo, Tomatoes, Red Onions, Green Olives, Garlic'),
(234, 234, 'Sliced Ham, Pineapple, Mozzarella Cheese'),
(235, 235, 'Chicken, Artichoke, Spinach, Garlic, Jalapeno Peppers, Fontina Cheese, Gouda Cheese'),
(236, 236, 'Mozzarella Cheese, Pepperoni'),
(237, 237, 'Soppressata Salami, Fontina Cheese, Mozzarella Cheese, Mushrooms, Garlic'),
(238, 238, 'Capocollo, Tomatoes, Goat Cheese, Artichokes, Peperoncini verdi, Garlic'),
(239, 239, 'Barbecued Chicken, Red Peppers, Green Peppers, Tomatoes, Red Onions, Barbecue Sauce'),
(240, 240, 'Prosciutto di San Daniele, Arugula, Mozzarella Cheese'),
(241, 241, 'Spinach, Red Onions, Pepperoni, Tomatoes, Artichokes, Kalamata Olives, Garlic, Asiago Cheese'),
(242, 242, 'Barbecued Chicken, Red Peppers, Green Peppers, Tomatoes, Red Onions, Barbecue Sauce'),
(243, 243, 'Chicken, Red Onions, Red Peppers, Mushrooms, Asiago Cheese, Alfredo Sauce'),
(244, 244, 'Eggplant, Artichokes, Tomatoes, Zucchini, Red Peppers, Garlic, Pesto Sauce'),
(245, 245, 'Mushrooms, Tomatoes, Red Peppers, Green Peppers, Red Onions, Zucchini, Spinach, Garlic'),
(246, 246, 'Sliced Ham, Pineapple, Mozzarella Cheese'),
(247, 247, 'Mozzarella Cheese, Pepperoni'),
(248, 248, 'Prosciutto di San Daniele, Arugula, Mozzarella Cheese'),
(249, 249, 'Tomatoes, Red Peppers, Jalapeno Peppers, Red Onions, Cilantro, Corn, Chipotle Sauce, Garlic'),
(250, 250, 'Capocollo, Tomatoes, Goat Cheese, Artichokes, Peperoncini verdi, Garlic'),
(251, 251, 'Chicken, Artichoke, Spinach, Garlic, Jalapeno Peppers, Fontina Cheese, Gouda Cheese'),
(252, 252, 'Calabrese Salami, Capocollo, Tomatoes, Red Onions, Green Olives, Garlic'),
(253, 253, 'Capocollo, Tomatoes, Goat Cheese, Artichokes, Peperoncini verdi, Garlic'),
(254, 254, 'Mushrooms, Tomatoes, Red Peppers, Green Peppers, Red Onions, Zucchini, Spinach, Garlic'),
(255, 255, 'Pepperoni, Mushrooms, Red Onions, Red Peppers, Bacon'),
(256, 256, 'Sliced Ham, Pineapple, Mozzarella Cheese'),
(257, 257, 'Spinach, Red Onions, Pepperoni, Tomatoes, Artichokes, Kalamata Olives, Garlic, Asiago Cheese'),
(258, 258, 'Capocollo, Red Peppers, Tomatoes, Goat Cheese, Garlic, Oregano'),
(259, 259, 'Calabrese Salami, Capocollo, Tomatoes, Red Onions, Green Olives, Garlic'),
(260, 260, 'Mozzarella Cheese, Pepperoni'),
(261, 261, 'Prosciutto di San Daniele, Arugula, Mozzarella Cheese'),
(262, 262, 'Bacon, Pepperoni, Italian Sausage, Chorizo Sausage'),
(263, 263, 'Tomatoes, Anchovies, Green Olives, Red Onions, Garlic'),
(264, 264, 'Soppressata Salami, Fontina Cheese, Mozzarella Cheese, Mushrooms, Garlic'),
(265, 265, 'Capocollo, Tomatoes, Goat Cheese, Artichokes, Peperoncini verdi, Garlic'),
(266, 266, 'Chicken, Artichoke, Spinach, Garlic, Jalapeno Peppers, Fontina Cheese, Gouda Cheese'),
(267, 267, 'Mozzarella Cheese, Provolone Cheese, Smoked Gouda Cheese, Romano Cheese, Blue Cheese, Garlic'),
(268, 268, 'Mozzarella Cheese, Pepperoni'),
(269, 269, 'Spinach, Artichokes, Tomatoes, Sun-dried Tomatoes, Garlic, Pesto Sauce'),
(270, 270, 'Mozzarella Cheese, Pepperoni'),
(271, 271, 'Chicken, Artichoke, Spinach, Garlic, Jalapeno Peppers, Fontina Cheese, Gouda Cheese'),
(272, 272, 'Tomatoes, Red Peppers, Jalapeno Peppers, Red Onions, Cilantro, Corn, Chipotle Sauce, Garlic'),
(273, 273, 'Chicken, Tomatoes, Red Peppers, Red Onions, Jalapeno Peppers, Corn, Cilantro, Chipotle Sauce'),
(274, 274, 'Mozzarella Cheese, Pepperoni'),
(275, 275, 'Coarse Sicilian Salami, Tomatoes, Green Olives, Luganega Sausage, Onions, Garlic'),
(276, 276, 'Bacon, Pepperoni, Italian Sausage, Chorizo Sausage'),
(277, 277, 'Tomatoes, Anchovies, Green Olives, Red Onions, Garlic'),
(278, 278, 'Chicken, Pineapple, Tomatoes, Red Peppers, Thai Sweet Chilli Sauce'),
(279, 279, 'Mozzarella Cheese, Provolone Cheese, Smoked Gouda Cheese, Romano Cheese, Blue Cheese, Garlic'),
(280, 280, 'Genoa Salami, Capocollo, Pepperoni, Tomatoes, Asiago Cheese, Garlic'),
(281, 281, 'Coarse Sicilian Salami, Tomatoes, Green Olives, Luganega Sausage, Onions, Garlic'),
(282, 282, 'Prosciutto di San Daniele, Arugula, Mozzarella Cheese'),
(283, 283, 'Spinach, Mushrooms, Red Onions, Feta Cheese, Garlic'),
(284, 284, 'Ricotta Cheese, Gorgonzola Piccante Cheese, Mozzarella Cheese, Parmigiano Reggiano Cheese, Garlic'),
(285, 285, 'Pepperoni, Mushrooms, Red Onions, Red Peppers, Bacon'),
(286, 286, 'Sliced Ham, Pineapple, Mozzarella Cheese'),
(287, 287, 'Spinach, Mushrooms, Red Onions, Feta Cheese, Garlic'),
(288, 288, 'Barbecued Chicken, Red Peppers, Green Peppers, Tomatoes, Red Onions, Barbecue Sauce'),
(289, 289, 'Ricotta Cheese, Gorgonzola Piccante Cheese, Mozzarella Cheese, Parmigiano Reggiano Cheese, Garlic'),
(290, 290, 'Coarse Sicilian Salami, Tomatoes, Green Olives, Luganega Sausage, Onions, Garlic'),
(291, 291, 'Chicken, Tomatoes, Red Peppers, Red Onions, Jalapeno Peppers, Corn, Cilantro, Chipotle Sauce'),
(292, 292, 'Calabrese Salami, Capocollo, Tomatoes, Red Onions, Green Olives, Garlic'),
(293, 293, 'Capocollo, Red Peppers, Tomatoes, Goat Cheese, Garlic, Oregano'),
(294, 294, 'Barbecued Chicken, Red Peppers, Green Peppers, Tomatoes, Red Onions, Barbecue Sauce'),
(295, 295, 'Coarse Sicilian Salami, Tomatoes, Green Olives, Luganega Sausage, Onions, Garlic'),
(296, 296, 'Capocollo, Tomatoes, Goat Cheese, Artichokes, Peperoncini verdi, Garlic'),
(297, 297, 'Kalamata Olives, Feta Cheese, Tomatoes, Garlic, Beef Chuck Roast, Red Onions'),
(298, 298, 'Kalamata Olives, Feta Cheese, Tomatoes, Garlic, Beef Chuck Roast, Red Onions'),
(299, 299, 'Mushrooms, Tomatoes, Red Peppers, Green Peppers, Red Onions, Zucchini, Spinach, Garlic'),
(300, 300, 'Mozzarella Cheese, Pepperoni');

-- --------------------------------------------------------

--
-- Table structure for table `PizzaInventory`
--

CREATE TABLE `PizzaInventory` (
  `inventory_id` int(11) NOT NULL,
  `pizza_id` int(11) DEFAULT NULL,
  `quantity` int(11) DEFAULT NULL,
  `pizza_size` varchar(25) DEFAULT NULL,
  `pizza_category` varchar(255) DEFAULT NULL
) ENGINE=InnoDB DEFAULT CHARSET=utf8mb4 COLLATE=utf8mb4_general_ci;

--
-- Dumping data for table `PizzaInventory`
--

INSERT INTO `PizzaInventory` (`inventory_id`, `pizza_id`, `quantity`, `pizza_size`, `pizza_category`) VALUES
(1, 1, 1, 'M', 'Classic'),
(2, 2, 1, 'M', 'Classic'),
(3, 3, 1, 'L', 'Veggie'),
(4, 4, 1, 'L', 'Supreme'),
(5, 5, 1, 'M', 'Veggie'),
(6, 6, 1, 'L', 'Chicken'),
(7, 7, 1, 'M', 'Supreme'),
(8, 8, 1, 'L', 'Supreme'),
(9, 9, 1, 'M', 'Supreme'),
(10, 10, 1, 'M', 'Supreme'),
(11, 11, 1, 'S', 'Chicken'),
(12, 12, 1, 'S', 'Classic'),
(13, 13, 1, 'S', 'Supreme'),
(14, 14, 1, 'S', 'Supreme'),
(15, 15, 1, 'S', 'Classic'),
(16, 16, 1, 'S', 'Veggie'),
(17, 17, 1, 'L', 'Classic'),
(18, 18, 1, 'L', 'Supreme'),
(19, 19, 1, 'S', 'Supreme'),
(20, 20, 1, 'S', 'Veggie'),
(21, 21, 1, 'L', 'Supreme'),
(22, 22, 1, 'L', 'Veggie'),
(23, 23, 1, 'S', 'Veggie'),
(24, 24, 1, 'L', 'Veggie'),
(25, 25, 1, 'L', 'Chicken'),
(26, 26, 1, 'L', 'Chicken'),
(27, 27, 1, 'L', 'Chicken'),
(28, 28, 1, 'M', 'Chicken'),
(29, 29, 1, 'L', 'Classic'),
(30, 30, 1, 'L', 'Chicken'),
(31, 31, 1, 'S', 'Chicken'),
(32, 32, 1, 'L', 'Chicken'),
(33, 33, 1, 'M', 'Supreme'),
(34, 34, 1, 'L', 'Veggie'),
(35, 35, 1, 'S', 'Classic'),
(36, 36, 1, 'S', 'Classic'),
(37, 37, 1, 'L', 'Veggie'),
(38, 38, 1, 'L', 'Supreme'),
(39, 39, 1, 'S', 'Classic'),
(40, 40, 1, 'L', 'Veggie'),
(41, 41, 1, 'S', 'Classic'),
(42, 42, 1, 'L', 'Chicken'),
(43, 43, 1, 'L', 'Chicken'),
(44, 44, 1, 'M', 'Supreme'),
(45, 45, 1, 'L', 'Veggie'),
(46, 46, 1, 'M', 'Veggie'),
(47, 47, 1, 'M', 'Supreme'),
(48, 48, 1, 'S', 'Veggie'),
(49, 49, 2, 'M', 'Veggie'),
(50, 50, 1, 'L', 'Veggie'),
(51, 51, 1, 'S', 'Supreme'),
(52, 52, 1, 'L', 'Veggie'),
(53, 53, 1, 'L', 'Classic'),
(54, 54, 1, 'L', 'Classic'),
(55, 55, 1, 'L', 'Supreme'),
(56, 56, 1, 'S', 'Classic'),
(57, 57, 1, 'L', 'Veggie'),
(58, 58, 1, 'L', 'Classic'),
(59, 59, 1, 'L', 'Veggie'),
(60, 60, 1, 'M', 'Classic'),
(61, 61, 1, 'L', 'Chicken'),
(62, 62, 1, 'S', 'Chicken'),
(63, 63, 1, 'M', 'Chicken'),
(64, 64, 1, 'M', 'Classic'),
(65, 65, 1, 'M', 'Classic'),
(66, 66, 1, 'S', 'Supreme'),
(67, 67, 1, 'M', 'Supreme'),
(68, 68, 1, 'L', 'Chicken'),
(69, 69, 1, 'S', 'Classic'),
(70, 70, 1, 'L', 'Veggie'),
(71, 71, 1, 'L', 'Chicken'),
(72, 72, 1, 'M', 'Classic'),
(73, 73, 1, 'L', 'Veggie'),
(74, 74, 1, 'S', 'Chicken'),
(75, 75, 1, 'S', 'Veggie'),
(76, 76, 1, 'L', 'Chicken'),
(77, 77, 1, 'M', 'Veggie'),
(78, 78, 1, 'S', 'Classic'),
(79, 79, 1, 'S', 'Classic'),
(80, 80, 1, 'L', 'Veggie'),
(81, 81, 1, 'L', 'Classic'),
(82, 82, 1, 'M', 'Supreme'),
(83, 83, 1, 'L', 'Chicken'),
(84, 84, 1, 'S', 'Veggie'),
(85, 85, 1, 'S', 'Classic'),
(86, 86, 1, 'M', 'Veggie'),
(87, 87, 1, 'L', 'Classic'),
(88, 88, 1, 'M', 'Classic'),
(89, 89, 1, 'L', 'Chicken'),
(90, 90, 1, 'M', 'Chicken'),
(91, 91, 1, 'M', 'Classic'),
(92, 92, 1, 'L', 'Supreme'),
(93, 93, 1, 'L', 'Veggie'),
(94, 94, 1, 'S', 'Classic'),
(95, 95, 1, 'L', 'Classic'),
(96, 96, 1, 'L', 'Supreme'),
(97, 97, 1, 'L', 'Veggie'),
(98, 98, 1, 'S', 'Chicken'),
(99, 99, 1, 'M', 'Veggie'),
(100, 100, 1, 'S', 'Veggie'),
(101, 101, 1, 'S', 'Classic'),
(102, 102, 1, 'L', 'Veggie'),
(103, 103, 1, 'L', 'Veggie'),
(104, 104, 1, 'M', 'Supreme'),
(105, 105, 1, 'M', 'Chicken'),
(106, 106, 1, 'M', 'Supreme'),
(107, 107, 1, 'L', 'Supreme'),
(108, 108, 1, 'S', 'Veggie'),
(109, 109, 1, 'L', 'Veggie'),
(110, 110, 1, 'S', 'Classic'),
(111, 111, 1, 'M', 'Chicken'),
(112, 112, 1, 'L', 'Chicken'),
(113, 113, 1, 'L', 'Classic'),
(114, 114, 1, 'M', 'Chicken'),
(115, 115, 1, 'L', 'Chicken'),
(116, 116, 1, 'S', 'Veggie'),
(117, 117, 1, 'M', 'Chicken'),
(118, 118, 1, 'S', 'Veggie'),
(119, 119, 1, 'L', 'Supreme'),
(120, 120, 1, 'L', 'Supreme'),
(121, 121, 1, 'L', 'Supreme'),
(122, 122, 1, 'XL', 'Classic'),
(123, 123, 1, 'L', 'Chicken'),
(124, 124, 1, 'L', 'Classic'),
(125, 125, 1, 'L', 'Classic'),
(126, 126, 1, 'L', 'Veggie'),
(127, 127, 1, 'L', 'Supreme'),
(128, 128, 1, 'S', 'Classic'),
(129, 129, 1, 'M', 'Supreme'),
(130, 130, 1, 'M', 'Supreme'),
(131, 131, 1, 'L', 'Chicken'),
(132, 132, 1, 'S', 'Supreme'),
(133, 133, 1, 'L', 'Supreme'),
(134, 134, 1, 'M', 'Classic'),
(135, 135, 1, 'L', 'Veggie'),
(136, 136, 1, 'M', 'Chicken'),
(137, 137, 1, 'M', 'Classic'),
(138, 138, 1, 'L', 'Veggie'),
(139, 139, 1, 'M', 'Classic'),
(140, 140, 1, 'S', 'Veggie'),
(141, 141, 1, 'S', 'Classic'),
(142, 142, 1, 'L', 'Classic'),
(143, 143, 1, 'L', 'Chicken'),
(144, 144, 1, 'M', 'Veggie'),
(145, 145, 1, 'M', 'Chicken'),
(146, 146, 1, 'L', 'Supreme'),
(147, 147, 1, 'M', 'Chicken'),
(148, 148, 1, 'M', 'Supreme'),
(149, 149, 1, 'M', 'Classic'),
(150, 150, 1, 'S', 'Classic'),
(151, 151, 1, 'S', 'Classic'),
(152, 152, 1, 'S', 'Supreme'),
(153, 153, 1, 'S', 'Supreme'),
(154, 154, 1, 'M', 'Supreme'),
(155, 155, 1, 'M', 'Classic'),
(156, 156, 1, 'M', 'Classic'),
(157, 157, 1, 'L', 'Chicken'),
(158, 158, 1, 'M', 'Classic'),
(159, 159, 1, 'L', 'Supreme'),
(160, 160, 1, 'M', 'Supreme'),
(161, 161, 1, 'L', 'Chicken'),
(162, 162, 1, 'S', 'Veggie'),
(163, 163, 1, 'L', 'Supreme'),
(164, 164, 1, 'L', 'Chicken'),
(165, 165, 1, 'L', 'Veggie'),
(166, 166, 1, 'S', 'Chicken'),
(167, 167, 1, 'L', 'Veggie'),
(168, 168, 1, 'L', 'Veggie'),
(169, 169, 1, 'S', 'Veggie'),
(170, 170, 1, 'L', 'Supreme'),
(171, 171, 1, 'S', 'Supreme'),
(172, 172, 1, 'L', 'Veggie'),
(173, 173, 1, 'L', 'Classic'),
(174, 174, 1, 'S', 'Classic'),
(175, 175, 1, 'L', 'Classic'),
(176, 176, 1, 'L', 'Veggie'),
(177, 177, 1, 'L', 'Supreme'),
(178, 178, 1, 'M', 'Chicken'),
(179, 179, 1, 'M', 'Classic'),
(180, 180, 1, 'S', 'Classic'),
(181, 181, 1, 'S', 'Classic'),
(182, 182, 1, 'L', 'Veggie'),
(183, 183, 1, 'M', 'Classic'),
(184, 184, 3, 'L', 'Supreme'),
(185, 185, 1, 'S', 'Chicken'),
(186, 186, 1, 'L', 'Classic'),
(187, 187, 1, 'S', 'Classic'),
(188, 188, 1, 'L', 'Chicken'),
(189, 189, 1, 'S', 'Classic'),
(190, 190, 1, 'M', 'Chicken'),
(191, 191, 1, 'L', 'Chicken'),
(192, 192, 1, 'S', 'Classic'),
(193, 193, 1, 'M', 'Chicken'),
(194, 194, 1, 'L', 'Supreme'),
(195, 195, 1, 'M', 'Veggie'),
(196, 196, 1, 'S', 'Chicken'),
(197, 197, 1, 'L', 'Classic'),
(198, 198, 1, 'M', 'Classic'),
(199, 199, 1, 'S', 'Classic'),
(200, 200, 1, 'L', 'Supreme'),
(201, 201, 1, 'M', 'Classic'),
(202, 202, 1, 'L', 'Classic'),
(203, 203, 1, 'M', 'Classic'),
(204, 204, 1, 'M', 'Veggie'),
(205, 205, 1, 'L', 'Supreme'),
(206, 206, 1, 'S', 'Supreme'),
(207, 207, 1, 'L', 'Veggie'),
(208, 208, 1, 'L', 'Supreme'),
(209, 209, 1, 'L', 'Chicken'),
(210, 210, 1, 'L', 'Supreme'),
(211, 211, 1, 'S', 'Chicken'),
(212, 212, 2, 'L', 'Chicken'),
(213, 213, 1, 'S', 'Chicken'),
(214, 214, 1, 'S', 'Classic'),
(215, 215, 1, 'M', 'Chicken'),
(216, 216, 1, 'L', 'Supreme'),
(217, 217, 1, 'M', 'Supreme'),
(218, 218, 1, 'S', 'Veggie'),
(219, 219, 1, 'M', 'Classic'),
(220, 220, 1, 'M', 'Supreme'),
(221, 221, 1, 'S', 'Veggie'),
(222, 222, 1, 'S', 'Supreme'),
(223, 223, 2, 'M', 'Classic'),
(224, 224, 1, 'M', 'Supreme'),
(225, 225, 1, 'M', 'Classic'),
(226, 226, 1, 'S', 'Chicken'),
(227, 227, 1, 'S', 'Classic'),
(228, 228, 1, 'L', 'Supreme'),
(229, 229, 1, 'S', 'Classic'),
(230, 230, 1, 'S', 'Classic'),
(231, 231, 1, 'L', 'Classic'),
(232, 232, 1, 'L', 'Classic'),
(233, 233, 1, 'L', 'Supreme'),
(234, 234, 1, 'L', 'Classic'),
(235, 235, 1, 'L', 'Chicken'),
(236, 236, 1, 'L', 'Classic'),
(237, 237, 1, 'L', 'Supreme'),
(238, 238, 1, 'M', 'Supreme'),
(239, 239, 1, 'S', 'Chicken'),
(240, 240, 1, 'S', 'Supreme'),
(241, 241, 1, 'S', 'Supreme'),
(242, 242, 1, 'M', 'Chicken'),
(243, 243, 1, 'M', 'Chicken'),
(244, 244, 1, 'M', 'Veggie'),
(245, 245, 1, 'L', 'Veggie'),
(246, 246, 2, 'S', 'Classic'),
(247, 247, 1, 'L', 'Classic'),
(248, 248, 1, 'M', 'Supreme'),
(249, 249, 1, 'L', 'Veggie'),
(250, 250, 1, 'L', 'Supreme'),
(251, 251, 1, 'L', 'Chicken'),
(252, 252, 1, 'M', 'Supreme'),
(253, 253, 1, 'L', 'Supreme'),
(254, 254, 1, 'L', 'Veggie'),
(255, 255, 1, 'L', 'Classic'),
(256, 256, 1, 'L', 'Classic'),
(257, 257, 1, 'L', 'Supreme'),
(258, 258, 1, 'L', 'Classic'),
(259, 259, 1, 'L', 'Supreme'),
(260, 260, 1, 'M', 'Classic'),
(261, 261, 1, 'L', 'Supreme'),
(262, 262, 1, 'S', 'Classic'),
(263, 263, 1, 'L', 'Classic'),
(264, 264, 1, 'L', 'Supreme'),
(265, 265, 1, 'S', 'Supreme'),
(266, 266, 1, 'M', 'Chicken'),
(267, 267, 1, 'L', 'Veggie'),
(268, 268, 1, 'M', 'Classic'),
(269, 269, 1, 'L', 'Veggie'),
(270, 270, 1, 'S', 'Classic'),
(271, 271, 1, 'L', 'Chicken'),
(272, 272, 1, 'L', 'Veggie'),
(273, 273, 1, 'M', 'Chicken'),
(274, 274, 1, 'L', 'Classic'),
(275, 275, 1, 'S', 'Supreme'),
(276, 276, 1, 'S', 'Classic'),
(277, 277, 1, 'L', 'Classic'),
(278, 278, 1, 'M', 'Chicken'),
(279, 279, 1, 'L', 'Veggie'),
(280, 280, 1, 'M', 'Supreme'),
(281, 281, 1, 'L', 'Supreme'),
(282, 282, 1, 'L', 'Supreme'),
(283, 283, 1, 'S', 'Veggie'),
(284, 284, 1, 'M', 'Veggie'),
(285, 285, 1, 'S', 'Classic'),
(286, 286, 1, 'S', 'Classic'),
(287, 287, 1, 'L', 'Veggie'),
(288, 288, 1, 'M', 'Chicken'),
(289, 289, 1, 'L', 'Veggie'),
(290, 290, 1, 'L', 'Supreme'),
(291, 291, 1, 'L', 'Chicken'),
(292, 292, 1, 'M', 'Supreme'),
(293, 293, 1, 'S', 'Classic'),
(294, 294, 1, 'S', 'Chicken'),
(295, 295, 1, 'L', 'Supreme'),
(296, 296, 1, 'L', 'Supreme'),
(297, 297, 1, 'S', 'Classic'),
(298, 298, 1, 'XL', 'Classic'),
(299, 299, 1, 'L', 'Veggie'),
(300, 300, 1, 'M', 'Classic');

-- --------------------------------------------------------

--
-- Table structure for table `PizzaOrders`
--

CREATE TABLE `PizzaOrders` (
  `order_id` int(11) NOT NULL,
  `pizza_id` int(11) DEFAULT NULL,
  `order_date` date DEFAULT NULL,
  `order_time` time DEFAULT NULL,
  `total_price` decimal(10,2) DEFAULT NULL
) ENGINE=InnoDB DEFAULT CHARSET=utf8mb4 COLLATE=utf8mb4_general_ci;

--
-- Dumping data for table `PizzaOrders`
--

INSERT INTO `PizzaOrders` (`order_id`, `pizza_id`, `order_date`, `order_time`, `total_price`) VALUES
(1, 1, '2015-01-01', '11:38:36', 13.25),
(2, 2, '2015-01-01', '11:57:40', 16.00),
(3, 2, '2015-01-01', '11:57:40', 18.50),
(4, 2, '2015-01-01', '11:57:40', 20.75),
(5, 2, '2015-01-01', '11:57:40', 16.00),
(6, 2, '2015-01-01', '11:57:40', 20.75),
(7, 3, '2015-01-01', '12:12:28', 16.50),
(8, 3, '2015-01-01', '12:12:28', 20.75),
(9, 4, '2015-01-01', '12:16:31', 16.50),
(10, 5, '2015-01-01', '12:21:30', 16.50),
(11, 6, '2015-01-01', '12:29:36', 12.75),
(12, 6, '2015-01-01', '12:29:36', 12.00),
(13, 7, '2015-01-01', '12:50:37', 12.50),
(14, 8, '2015-01-01', '12:51:37', 12.50),
(15, 9, '2015-01-01', '12:52:01', 12.00),
(16, 9, '2015-01-01', '12:52:01', 12.00),
(17, 9, '2015-01-01', '12:52:01', 20.50),
(18, 9, '2015-01-01', '12:52:01', 20.75),
(19, 9, '2015-01-01', '12:52:01', 12.50),
(20, 9, '2015-01-01', '12:52:01', 12.00),
(21, 9, '2015-01-01', '12:52:01', 20.75),
(22, 9, '2015-01-01', '12:52:01', 20.75),
(23, 9, '2015-01-01', '12:52:01', 12.00),
(24, 10, '2015-01-01', '13:00:15', 20.25),
(25, 10, '2015-01-01', '13:00:15', 20.75),
(26, 11, '2015-01-01', '13:02:59', 20.75),
(27, 11, '2015-01-01', '13:02:59', 20.75),
(28, 11, '2015-01-01', '13:02:59', 16.75),
(29, 11, '2015-01-01', '13:02:59', 15.25),
(30, 12, '2015-01-01', '13:04:41', 20.75),
(31, 12, '2015-01-01', '13:04:41', 12.75),
(32, 12, '2015-01-01', '13:04:41', 20.75),
(33, 12, '2015-01-01', '13:04:41', 16.50),
(34, 13, '2015-01-01', '13:11:55', 20.25),
(35, 14, '2015-01-01', '13:14:19', 12.00),
(36, 15, '2015-01-01', '13:33:00', 12.00),
(37, 15, '2015-01-01', '13:33:00', 18.50),
(38, 15, '2015-01-01', '13:33:00', 20.75),
(39, 15, '2015-01-01', '13:33:00', 12.00),
(40, 16, '2015-01-01', '13:34:07', 17.95),
(41, 16, '2015-01-01', '13:34:07', 12.00),
(42, 16, '2015-01-01', '13:34:07', 20.75),
(43, 17, '2015-01-01', '13:53:00', 20.75),
(44, 17, '2015-01-01', '13:53:00', 16.25),
(45, 17, '2015-01-01', '13:53:00', 18.50),
(46, 17, '2015-01-01', '13:53:00', 14.75),
(47, 17, '2015-01-01', '13:53:00', 16.50),
(48, 17, '2015-01-01', '13:53:00', 12.75),
(49, 17, '2015-01-01', '13:53:00', 32.00),
(50, 17, '2015-01-01', '13:53:00', 20.25),
(51, 17, '2015-01-01', '13:53:00', 12.50),
(52, 17, '2015-01-01', '13:53:00', 20.25),
(53, 18, '2015-01-01', '13:57:08', 20.50),
(54, 19, '2015-01-01', '13:59:09', 20.50),
(55, 19, '2015-01-01', '13:59:09', 20.25),
(56, 20, '2015-01-01', '14:03:08', 12.00),
(57, 20, '2015-01-01', '14:03:08', 18.50),
(58, 21, '2015-01-01', '14:14:29', 20.50),
(59, 22, '2015-01-01', '14:16:26', 18.50),
(60, 22, '2015-01-01', '14:16:26', 16.00),
(61, 22, '2015-01-01', '14:16:26', 20.75),
(62, 23, '2015-01-01', '14:19:03', 12.75),
(63, 24, '2015-01-01', '14:23:01', 16.75),
(64, 24, '2015-01-01', '14:23:01', 16.00),
(65, 24, '2015-01-01', '14:23:01', 12.50),
(66, 24, '2015-01-01', '14:23:01', 12.50),
(67, 25, '2015-01-01', '14:44:44', 16.25),
(68, 25, '2015-01-01', '14:44:44', 20.75),
(69, 26, '2015-01-01', '14:54:26', 12.00),
(70, 26, '2015-01-01', '14:54:26', 20.25),
(71, 27, '2015-01-01', '15:11:17', 20.75),
(72, 27, '2015-01-01', '15:11:17', 16.00),
(73, 27, '2015-01-01', '15:11:17', 20.25),
(74, 28, '2015-01-01', '15:35:46', 12.75),
(75, 29, '2015-01-01', '15:41:01', 12.00),
(76, 30, '2015-01-01', '15:41:25', 20.75),
(77, 31, '2015-01-01', '15:50:18', 16.00),
(78, 31, '2015-01-01', '15:50:18', 9.75),
(79, 32, '2015-01-01', '15:53:18', 12.00),
(80, 32, '2015-01-01', '15:53:18', 20.25),
(81, 32, '2015-01-01', '15:53:18', 20.50),
(82, 32, '2015-01-01', '15:53:18', 16.50),
(83, 33, '2015-01-01', '15:54:08', 20.75),
(84, 33, '2015-01-01', '15:54:08', 12.00),
(85, 34, '2015-01-01', '16:21:21', 12.00),
(86, 35, '2015-01-01', '16:32:04', 16.00),
(87, 35, '2015-01-01', '16:32:04', 17.50),
(88, 35, '2015-01-01', '16:32:04', 12.50),
(89, 35, '2015-01-01', '16:32:04', 20.75),
(90, 36, '2015-01-01', '16:54:09', 16.75),
(91, 36, '2015-01-01', '16:54:09', 16.00),
(92, 37, '2015-01-01', '16:56:09', 20.75),
(93, 37, '2015-01-01', '16:56:09', 20.25),
(94, 38, '2015-01-01', '17:03:00', 10.50),
(95, 38, '2015-01-01', '17:03:00', 20.50),
(96, 39, '2015-01-01', '17:07:23', 20.75),
(97, 40, '2015-01-01', '17:14:36', 17.95),
(98, 40, '2015-01-01', '17:14:36', 12.75),
(99, 41, '2015-01-01', '17:15:20', 14.75),
(100, 41, '2015-01-01', '17:15:20', 12.00),
(101, 42, '2015-01-01', '17:28:09', 12.00),
(102, 42, '2015-01-01', '17:28:09', 18.50),
(103, 42, '2015-01-01', '17:28:09', 20.25),
(104, 42, '2015-01-01', '17:28:09', 16.50),
(105, 43, '2015-01-01', '17:38:34', 16.75),
(106, 43, '2015-01-01', '17:38:34', 16.50),
(107, 43, '2015-01-01', '17:38:34', 20.75),
(108, 44, '2015-01-01', '17:54:20', 12.50),
(109, 45, '2015-01-01', '17:55:48', 17.95),
(110, 45, '2015-01-01', '17:55:48', 10.50),
(111, 45, '2015-01-01', '17:55:48', 16.75),
(112, 46, '2015-01-01', '18:25:51', 20.75),
(113, 46, '2015-01-01', '18:25:51', 20.50),
(114, 46, '2015-01-01', '18:25:51', 16.75),
(115, 47, '2015-01-01', '18:26:34', 20.75),
(116, 47, '2015-01-01', '18:26:34', 12.00),
(117, 48, '2015-01-01', '18:26:42', 16.75),
(118, 48, '2015-01-01', '18:26:42', 12.00),
(119, 48, '2015-01-01', '18:26:42', 20.75),
(120, 48, '2015-01-01', '18:26:42', 20.75),
(121, 49, '2015-01-01', '18:33:00', 20.25),
(122, 50, '2015-01-01', '18:41:01', 25.50),
(123, 51, '2015-01-01', '18:48:28', 20.75),
(124, 51, '2015-01-01', '18:48:28', 17.50),
(125, 52, '2015-01-01', '18:53:02', 16.50),
(126, 52, '2015-01-01', '18:53:02', 20.25),
(127, 52, '2015-01-01', '18:53:02', 20.75),
(128, 53, '2015-01-01', '18:54:17', 11.00),
(129, 53, '2015-01-01', '18:54:17', 16.50),
(130, 54, '2015-01-01', '19:01:45', 16.50),
(131, 54, '2015-01-01', '19:01:45', 20.75),
(132, 55, '2015-01-01', '19:03:19', 12.50),
(133, 55, '2015-01-01', '19:03:19', 20.75),
(134, 56, '2015-01-01', '19:07:00', 16.00),
(135, 56, '2015-01-01', '19:07:00', 20.25),
(136, 56, '2015-01-01', '19:07:00', 16.75),
(137, 57, '2015-01-01', '19:10:51', 16.00),
(138, 58, '2015-01-01', '19:30:40', 18.50),
(139, 58, '2015-01-01', '19:30:40', 12.50),
(140, 59, '2015-01-01', '19:40:08', 12.75),
(141, 59, '2015-01-01', '19:40:08', 11.00),
(142, 59, '2015-01-01', '19:40:08', 15.25),
(143, 60, '2015-01-01', '20:05:16', 20.75),
(144, 60, '2015-01-01', '20:05:16', 14.75),
(145, 61, '2015-01-01', '20:08:43', 16.75),
(146, 61, '2015-01-01', '20:08:43', 20.75),
(147, 62, '2015-01-01', '20:50:16', 16.75),
(148, 62, '2015-01-01', '20:50:16', 16.50),
(149, 63, '2015-01-01', '20:51:42', 14.50),
(150, 64, '2015-01-01', '20:52:08', 12.00),
(151, 65, '2015-01-01', '21:16:00', 11.00),
(152, 65, '2015-01-01', '21:16:00', 12.25),
(153, 65, '2015-01-01', '21:16:00', 12.50),
(154, 65, '2015-01-01', '21:16:00', 16.50),
(155, 66, '2015-01-01', '21:47:55', 16.00),
(156, 66, '2015-01-01', '21:47:55', 16.00),
(157, 67, '2015-01-01', '22:03:40', 20.75),
(158, 68, '2015-01-01', '22:07:32', 16.00),
(159, 68, '2015-01-01', '22:07:32', 20.75),
(160, 68, '2015-01-01', '22:07:32', 16.50),
(161, 69, '2015-01-01', '22:12:13', 20.75),
(162, 70, '2015-02-01', '11:38:51', 12.75),
(163, 70, '2015-02-01', '11:38:51', 20.75),
(164, 71, '2015-02-01', '11:40:50', 20.75),
(165, 72, '2015-02-01', '11:57:25', 20.25),
(166, 73, '2015-02-01', '11:58:56', 12.75),
(167, 74, '2015-02-01', '12:01:12', 18.50),
(168, 74, '2015-02-01', '12:01:12', 20.25),
(169, 74, '2015-02-01', '12:01:12', 12.50),
(170, 74, '2015-02-01', '12:01:12', 20.75),
(171, 75, '2015-02-01', '12:10:15', 12.50),
(172, 75, '2015-02-01', '12:10:15', 20.25),
(173, 75, '2015-02-01', '12:10:15', 20.50),
(174, 76, '2015-02-01', '12:21:17', 12.00),
(175, 76, '2015-02-01', '12:21:17', 16.50),
(176, 76, '2015-02-01', '12:21:17', 21.00),
(177, 76, '2015-02-01', '12:21:17', 20.75),
(178, 77, '2015-02-01', '12:22:46', 16.75),
(179, 77, '2015-02-01', '12:22:46', 13.25),
(180, 78, '2015-02-01', '12:28:14', 12.00),
(181, 78, '2015-02-01', '12:28:14', 12.00),
(182, 78, '2015-02-01', '12:28:14', 17.95),
(183, 78, '2015-02-01', '12:28:14', 16.00),
(184, 78, '2015-02-01', '12:28:14', 62.25),
(185, 78, '2015-02-01', '12:28:14', 12.75),
(186, 79, '2015-02-01', '12:29:11', 20.50),
(187, 79, '2015-02-01', '12:29:11', 11.00),
(188, 79, '2015-02-01', '12:29:11', 20.75),
(189, 80, '2015-02-01', '12:35:38', 9.75),
(190, 80, '2015-02-01', '12:35:38', 16.75),
(191, 81, '2015-02-01', '12:40:01', 20.75),
(192, 82, '2015-02-01', '12:45:51', 12.00),
(193, 82, '2015-02-01', '12:45:51', 16.75),
(194, 82, '2015-02-01', '12:45:51', 20.75),
(195, 82, '2015-02-01', '12:45:51', 16.00),
(196, 83, '2015-02-01', '12:53:27', 12.75),
(197, 84, '2015-02-01', '13:13:41', 15.25),
(198, 85, '2015-02-01', '13:34:49', 16.00),
(199, 85, '2015-02-01', '13:34:49', 12.00),
(200, 85, '2015-02-01', '13:34:49', 20.75),
(201, 85, '2015-02-01', '13:34:49', 16.00),
(202, 86, '2015-02-01', '13:40:31', 16.50),
(203, 87, '2015-02-01', '14:01:02', 16.00),
(204, 87, '2015-02-01', '14:01:02', 16.00),
(205, 87, '2015-02-01', '14:01:02', 20.75),
(206, 87, '2015-02-01', '14:01:02', 12.50),
(207, 88, '2015-02-01', '14:10:08', 18.50),
(208, 89, '2015-02-01', '14:30:19', 20.75),
(209, 89, '2015-02-01', '14:30:19', 20.75),
(210, 90, '2015-02-01', '15:08:48', 20.25),
(211, 90, '2015-02-01', '15:08:48', 12.75),
(212, 91, '2015-02-01', '15:14:43', 41.50),
(213, 91, '2015-02-01', '15:14:43', 12.75),
(214, 91, '2015-02-01', '15:14:43', 9.75),
(215, 92, '2015-02-01', '15:17:02', 16.75),
(216, 92, '2015-02-01', '15:17:02', 20.75),
(217, 92, '2015-02-01', '15:17:02', 16.50),
(218, 92, '2015-02-01', '15:17:02', 12.75),
(219, 92, '2015-02-01', '15:17:02', 12.50),
(220, 92, '2015-02-01', '15:17:02', 16.50),
(221, 92, '2015-02-01', '15:17:02', 12.00),
(222, 92, '2015-02-01', '15:17:02', 12.50),
(223, 92, '2015-02-01', '15:17:02', 32.00),
(224, 93, '2015-02-01', '15:29:31', 16.25),
(225, 94, '2015-02-01', '16:17:16', 16.00),
(226, 94, '2015-02-01', '16:17:16', 12.75),
(227, 95, '2015-02-01', '16:18:04', 12.00),
(228, 95, '2015-02-01', '16:18:04', 20.75),
(229, 96, '2015-02-01', '16:21:20', 12.00),
(230, 97, '2015-02-01', '16:45:33', 12.00),
(231, 98, '2015-02-01', '17:18:18', 20.50),
(232, 98, '2015-02-01', '17:18:18', 20.50),
(233, 99, '2015-02-01', '17:45:42', 20.75),
(234, 100, '2015-02-01', '17:46:17', 16.50),
(235, 101, '2015-02-01', '17:51:33', 20.75),
(236, 101, '2015-02-01', '17:51:33', 15.25),
(237, 101, '2015-02-01', '17:51:33', 20.75),
(238, 101, '2015-02-01', '17:51:33', 16.50),
(239, 102, '2015-02-01', '17:54:04', 12.75),
(240, 102, '2015-02-01', '17:54:04', 12.50),
(241, 103, '2015-02-01', '18:02:09', 12.50),
(242, 104, '2015-02-01', '18:02:12', 16.75),
(243, 104, '2015-02-01', '18:02:12', 16.75),
(244, 104, '2015-02-01', '18:02:12', 16.75),
(245, 104, '2015-02-01', '18:02:12', 20.25),
(246, 105, '2015-02-01', '18:12:01', 21.00),
(247, 105, '2015-02-01', '18:12:01', 15.25),
(248, 105, '2015-02-01', '18:12:01', 16.50),
(249, 106, '2015-02-01', '18:12:13', 20.25),
(250, 106, '2015-02-01', '18:12:13', 20.75),
(251, 107, '2015-02-01', '18:25:09', 20.75),
(252, 107, '2015-02-01', '18:25:09', 16.50),
(253, 107, '2015-02-01', '18:25:09', 20.75),
(254, 107, '2015-02-01', '18:25:09', 20.25),
(255, 108, '2015-02-01', '18:25:25', 20.50),
(256, 108, '2015-02-01', '18:25:25', 16.50),
(257, 108, '2015-02-01', '18:25:25', 20.75),
(258, 109, '2015-02-01', '18:27:50', 20.50),
(259, 109, '2015-02-01', '18:27:50', 20.75),
(260, 109, '2015-02-01', '18:27:50', 12.50),
(261, 109, '2015-02-01', '18:27:50', 20.75),
(262, 110, '2015-02-01', '18:36:19', 12.00),
(263, 110, '2015-02-01', '18:36:19', 20.50),
(264, 110, '2015-02-01', '18:36:19', 20.75),
(265, 110, '2015-02-01', '18:36:19', 12.50),
(266, 111, '2015-02-01', '18:38:01', 16.75),
(267, 111, '2015-02-01', '18:38:01', 18.50),
(268, 111, '2015-02-01', '18:38:01', 12.50),
(269, 111, '2015-02-01', '18:38:01', 20.75),
(270, 112, '2015-02-01', '18:41:40', 9.75),
(271, 113, '2015-02-01', '18:50:21', 20.75),
(272, 113, '2015-02-01', '18:50:21', 20.25),
(273, 113, '2015-02-01', '18:50:21', 16.75),
(274, 114, '2015-02-01', '18:59:32', 15.25),
(275, 114, '2015-02-01', '18:59:32', 12.25),
(276, 115, '2015-02-01', '19:05:17', 12.00),
(277, 115, '2015-02-01', '19:05:17', 20.50),
(278, 115, '2015-02-01', '19:05:17', 16.75),
(279, 116, '2015-02-01', '19:18:49', 18.50),
(280, 117, '2015-02-01', '19:23:02', 16.50),
(281, 117, '2015-02-01', '19:23:02', 20.25),
(282, 118, '2015-02-01', '19:26:59', 20.75),
(283, 118, '2015-02-01', '19:26:59', 12.00),
(284, 119, '2015-02-01', '19:32:29', 14.75),
(285, 120, '2015-02-01', '19:35:07', 12.00),
(286, 120, '2015-02-01', '19:35:07', 10.50),
(287, 120, '2015-02-01', '19:35:07', 20.25),
(288, 121, '2015-02-01', '19:38:48', 16.75),
(289, 121, '2015-02-01', '19:38:48', 17.95),
(290, 121, '2015-02-01', '19:38:48', 20.25),
(291, 121, '2015-02-01', '19:38:48', 20.75),
(292, 122, '2015-02-01', '19:50:19', 16.50),
(293, 123, '2015-02-01', '20:12:09', 12.00),
(294, 124, '2015-02-01', '20:12:34', 12.75),
(295, 124, '2015-02-01', '20:12:34', 20.25),
(296, 124, '2015-02-01', '20:12:34', 20.75),
(297, 124, '2015-02-01', '20:12:34', 12.00),
(298, 125, '2015-02-01', '20:31:06', 25.50),
(299, 126, '2015-02-01', '20:53:42', 20.25),
(300, 127, '2015-02-01', '20:58:23', 12.50);

-- --------------------------------------------------------

--
-- Table structure for table `PizzaPricing`
--

CREATE TABLE `PizzaPricing` (
  `pizza_id` int(11) NOT NULL,
  `unit_price` decimal(10,2) DEFAULT NULL
) ENGINE=InnoDB DEFAULT CHARSET=utf8mb4 COLLATE=utf8mb4_general_ci;

--
-- Dumping data for table `PizzaPricing`
--

INSERT INTO `PizzaPricing` (`pizza_id`, `unit_price`) VALUES
(1, 12.99),
(2, 16.00),
(3, 18.50),
(4, 20.75),
(5, 16.00),
(6, 20.75),
(7, 16.50),
(8, 20.75),
(9, 16.50),
(10, 16.50),
(11, 12.75),
(12, 12.00),
(13, 12.50),
(14, 12.50),
(15, 12.00),
(16, 12.00),
(17, 20.50),
(18, 20.75),
(19, 12.50),
(20, 12.00),
(21, 20.75),
(22, 20.75),
(23, 12.00),
(24, 20.25),
(25, 20.75),
(26, 20.75),
(27, 20.75),
(28, 16.75),
(29, 15.25),
(30, 20.75),
(31, 12.75),
(32, 20.75),
(33, 16.50),
(34, 20.25),
(35, 12.00),
(36, 12.00),
(37, 18.50),
(38, 20.75),
(39, 12.00),
(40, 17.95),
(41, 12.00),
(42, 20.75),
(43, 20.75),
(44, 16.25),
(45, 18.50),
(46, 14.75),
(47, 16.50),
(48, 12.75),
(49, 16.00),
(50, 20.25),
(51, 12.50),
(52, 20.25),
(53, 20.50),
(54, 20.50),
(55, 20.25),
(56, 12.00),
(57, 18.50),
(58, 20.50),
(59, 18.50),
(60, 16.00),
(61, 20.75),
(62, 12.75),
(63, 16.75),
(64, 16.00),
(65, 12.50),
(66, 12.50),
(67, 16.25),
(68, 20.75),
(69, 12.00),
(70, 20.25),
(71, 20.75),
(72, 16.00),
(73, 20.25),
(74, 12.75),
(75, 12.00),
(76, 20.75),
(77, 16.00),
(78, 9.75),
(79, 12.00),
(80, 20.25),
(81, 20.50),
(82, 16.50),
(83, 20.75),
(84, 12.00),
(85, 12.00),
(86, 16.00),
(87, 17.50),
(88, 12.50),
(89, 20.75),
(90, 16.75),
(91, 16.00),
(92, 20.75),
(93, 20.25),
(94, 10.50),
(95, 20.50),
(96, 20.75),
(97, 17.95),
(98, 12.75),
(99, 14.75),
(100, 12.00),
(101, 12.00),
(102, 18.50),
(103, 20.25),
(104, 16.50),
(105, 16.75),
(106, 16.50),
(107, 20.75),
(108, 12.50),
(109, 17.95),
(110, 10.50),
(111, 16.75),
(112, 20.75),
(113, 20.50),
(114, 16.75),
(115, 20.75),
(116, 12.00),
(117, 16.75),
(118, 12.00),
(119, 20.75),
(120, 20.75),
(121, 20.25),
(122, 25.50),
(123, 20.75),
(124, 17.50),
(125, 16.50),
(126, 20.25),
(127, 20.75),
(128, 11.00),
(129, 16.50),
(130, 16.50),
(131, 20.75),
(132, 12.50),
(133, 20.75),
(134, 16.00),
(135, 20.25),
(136, 16.75),
(137, 16.00),
(138, 18.50),
(139, 12.50),
(140, 12.75),
(141, 11.00),
(142, 15.25),
(143, 20.75),
(144, 14.75),
(145, 16.75),
(146, 20.75),
(147, 16.75),
(148, 16.50),
(149, 14.50),
(150, 12.00),
(151, 11.00),
(152, 12.25),
(153, 12.50),
(154, 16.50),
(155, 16.00),
(156, 16.00),
(157, 20.75),
(158, 16.00),
(159, 20.75),
(160, 16.50),
(161, 20.75),
(162, 12.75),
(163, 20.75),
(164, 20.75),
(165, 20.25),
(166, 12.75),
(167, 18.50),
(168, 20.25),
(169, 12.50),
(170, 20.75),
(171, 12.50),
(172, 20.25),
(173, 20.50),
(174, 12.00),
(175, 16.50),
(176, 21.00),
(177, 20.75),
(178, 16.75),
(179, 13.25),
(180, 12.00),
(181, 12.00),
(182, 17.95),
(183, 16.00),
(184, 20.75),
(185, 12.75),
(186, 20.50),
(187, 11.00),
(188, 20.75),
(189, 9.75),
(190, 16.75),
(191, 20.75),
(192, 12.00),
(193, 16.75),
(194, 20.75),
(195, 16.00),
(196, 12.75),
(197, 15.25),
(198, 16.00),
(199, 12.00),
(200, 20.75),
(201, 16.00),
(202, 16.50),
(203, 16.00),
(204, 16.00),
(205, 20.75),
(206, 12.50),
(207, 18.50),
(208, 20.75),
(209, 20.75),
(210, 20.25),
(211, 12.75),
(212, 20.75),
(213, 12.75),
(214, 9.75),
(215, 16.75),
(216, 20.75),
(217, 16.50),
(218, 12.75),
(219, 12.50),
(220, 16.50),
(221, 12.00),
(222, 12.50),
(223, 16.00),
(224, 16.25),
(225, 16.00),
(226, 12.75),
(227, 12.00),
(228, 20.75),
(229, 12.00),
(230, 12.00),
(231, 20.50),
(232, 20.50),
(233, 20.75),
(234, 16.50),
(235, 20.75),
(236, 15.25),
(237, 20.75),
(238, 16.50),
(239, 12.75),
(240, 12.50),
(241, 12.50),
(242, 16.75),
(243, 16.75),
(244, 16.75),
(245, 20.25),
(246, 10.50),
(247, 15.25),
(248, 16.50),
(249, 20.25),
(250, 20.75),
(251, 20.75),
(252, 16.50),
(253, 20.75),
(254, 20.25),
(255, 20.50),
(256, 16.50),
(257, 20.75),
(258, 20.50),
(259, 20.75),
(260, 12.50),
(261, 20.75),
(262, 12.00),
(263, 20.50),
(264, 20.75),
(265, 12.50),
(266, 16.75),
(267, 18.50),
(268, 12.50),
(269, 20.75),
(270, 9.75),
(271, 20.75),
(272, 20.25),
(273, 16.75),
(274, 15.25),
(275, 12.25),
(276, 12.00),
(277, 20.50),
(278, 16.75),
(279, 18.50),
(280, 16.50),
(281, 20.25),
(282, 20.75),
(283, 12.00),
(284, 14.75),
(285, 12.00),
(286, 10.50),
(287, 20.25),
(288, 16.75),
(289, 17.95),
(290, 20.25),
(291, 20.75),
(292, 16.50),
(293, 12.00),
(294, 12.75),
(295, 20.25),
(296, 20.75),
(297, 12.00),
(298, 25.50),
(299, 20.25),
(300, 12.50);

-- --------------------------------------------------------

--
-- Table structure for table `Pizzas`
--

CREATE TABLE `Pizzas` (
  `pizza_id` int(11) NOT NULL,
  `pizza_name` varchar(255) DEFAULT NULL,
  `pizza_size` varchar(25) DEFAULT NULL,
  `pizza_category` varchar(255) DEFAULT NULL,
  `pizza_ingredients` text DEFAULT NULL
) ENGINE=InnoDB DEFAULT CHARSET=utf8mb4 COLLATE=utf8mb4_general_ci;

--
-- Dumping data for table `Pizzas`
--

INSERT INTO `Pizzas` (`pizza_id`, `pizza_name`, `pizza_size`, `pizza_category`, `pizza_ingredients`) VALUES
(1, 'The Hawaiian Pizza', 'M', 'Classic', 'Sliced Ham, Pineapple, Mozzarella Cheese'),
(2, 'The Classic Deluxe Pizza', 'M', 'Classic', 'Pepperoni, Mushrooms, Red Onions, Red Peppers, Bacon'),
(3, 'The Five Cheese Pizza', 'L', 'Veggie', 'Mozzarella Cheese, Provolone Cheese, Smoked Gouda Cheese, Romano Cheese, Blue Cheese, Garlic'),
(4, 'The Italian Supreme Pizza', 'L', 'Supreme', 'Calabrese Salami, Capocollo, Tomatoes, Red Onions, Green Olives, Garlic'),
(5, 'The Mexicana Pizza', 'M', 'Veggie', 'Tomatoes, Red Peppers, Jalapeno Peppers, Red Onions, Cilantro, Corn, Chipotle Sauce, Garlic'),
(6, 'The Thai Chicken Pizza', 'L', 'Chicken', 'Chicken, Pineapple, Tomatoes, Red Peppers, Thai Sweet Chilli Sauce'),
(7, 'The Italian Supreme Pizza', 'M', 'Supreme', 'Calabrese Salami, Capocollo, Tomatoes, Red Onions, Green Olives, Garlic'),
(8, 'The Prosciutto and Arugula Pizza', 'L', 'Supreme', 'Prosciutto di San Daniele, Arugula, Mozzarella Cheese'),
(9, 'The Italian Supreme Pizza', 'M', 'Supreme', 'Calabrese Salami, Capocollo, Tomatoes, Red Onions, Green Olives, Garlic'),
(10, 'The Italian Supreme Pizza', 'M', 'Supreme', 'Calabrese Salami, Capocollo, Tomatoes, Red Onions, Green Olives, Garlic'),
(11, 'The Barbecue Chicken Pizza', 'S', 'Chicken', 'Barbecued Chicken, Red Peppers, Green Peppers, Tomatoes, Red Onions, Barbecue Sauce'),
(12, 'The Greek Pizza', 'S', 'Classic', 'Kalamata Olives, Feta Cheese, Tomatoes, Garlic, Beef Chuck Roast, Red Onions'),
(13, 'The Spinach Supreme Pizza', 'S', 'Supreme', 'Spinach, Red Onions, Pepperoni, Tomatoes, Artichokes, Kalamata Olives, Garlic, Asiago Cheese'),
(14, 'The Spinach Supreme Pizza', 'S', 'Supreme', 'Spinach, Red Onions, Pepperoni, Tomatoes, Artichokes, Kalamata Olives, Garlic, Asiago Cheese'),
(15, 'The Classic Deluxe Pizza', 'S', 'Classic', 'Pepperoni, Mushrooms, Red Onions, Red Peppers, Bacon'),
(16, 'The Green Garden Pizza', 'S', 'Veggie', 'Spinach, Mushrooms, Tomatoes, Green Olives, Feta Cheese'),
(17, 'The Italian Capocollo Pizza', 'L', 'Classic', 'Capocollo, Red Peppers, Tomatoes, Goat Cheese, Garlic, Oregano'),
(18, 'The Italian Supreme Pizza', 'L', 'Supreme', 'Calabrese Salami, Capocollo, Tomatoes, Red Onions, Green Olives, Garlic'),
(19, 'The Italian Supreme Pizza', 'S', 'Supreme', 'Calabrese Salami, Capocollo, Tomatoes, Red Onions, Green Olives, Garlic'),
(20, 'The Mexicana Pizza', 'S', 'Veggie', 'Tomatoes, Red Peppers, Jalapeno Peppers, Red Onions, Cilantro, Corn, Chipotle Sauce, Garlic'),
(21, 'The Spicy Italian Pizza', 'L', 'Supreme', 'Capocollo, Tomatoes, Goat Cheese, Artichokes, Peperoncini verdi, Garlic'),
(22, 'The Spinach Pesto Pizza', 'L', 'Veggie', 'Spinach, Artichokes, Tomatoes, Sun-dried Tomatoes, Garlic, Pesto Sauce'),
(23, 'The Vegetables + Vegetables Pizza', 'S', 'Veggie', 'Mushrooms, Tomatoes, Red Peppers, Green Peppers, Red Onions, Zucchini, Spinach, Garlic'),
(24, 'The Mexicana Pizza', 'L', 'Veggie', 'Tomatoes, Red Peppers, Jalapeno Peppers, Red Onions, Cilantro, Corn, Chipotle Sauce, Garlic'),
(25, 'The Southwest Chicken Pizza', 'L', 'Chicken', 'Chicken, Tomatoes, Red Peppers, Red Onions, Jalapeno Peppers, Corn, Cilantro, Chipotle Sauce'),
(26, 'The Barbecue Chicken Pizza', 'L', 'Chicken', 'Barbecued Chicken, Red Peppers, Green Peppers, Tomatoes, Red Onions, Barbecue Sauce'),
(27, 'The California Chicken Pizza', 'L', 'Chicken', 'Chicken, Artichoke, Spinach, Garlic, Jalapeno Peppers, Fontina Cheese, Gouda Cheese'),
(28, 'The California Chicken Pizza', 'M', 'Chicken', 'Chicken, Artichoke, Spinach, Garlic, Jalapeno Peppers, Fontina Cheese, Gouda Cheese'),
(29, 'The Pepperoni Pizza', 'L', 'Classic', 'Mozzarella Cheese, Pepperoni'),
(30, 'The California Chicken Pizza', 'L', 'Chicken', 'Chicken, Artichoke, Spinach, Garlic, Jalapeno Peppers, Fontina Cheese, Gouda Cheese'),
(31, 'The California Chicken Pizza', 'S', 'Chicken', 'Chicken, Artichoke, Spinach, Garlic, Jalapeno Peppers, Fontina Cheese, Gouda Cheese'),
(32, 'The Chicken Pesto Pizza', 'L', 'Chicken', 'Chicken, Tomatoes, Red Peppers, Spinach, Garlic, Pesto Sauce'),
(33, 'The Italian Supreme Pizza', 'M', 'Supreme', 'Calabrese Salami, Capocollo, Tomatoes, Red Onions, Green Olives, Garlic'),
(34, 'The Mexicana Pizza', 'L', 'Veggie', 'Tomatoes, Red Peppers, Jalapeno Peppers, Red Onions, Cilantro, Corn, Chipotle Sauce, Garlic'),
(35, 'The Greek Pizza', 'S', 'Classic', 'Kalamata Olives, Feta Cheese, Tomatoes, Garlic, Beef Chuck Roast, Red Onions'),
(36, 'The Big Meat Pizza', 'S', 'Classic', 'Bacon, Pepperoni, Italian Sausage, Chorizo Sausage'),
(37, 'The Five Cheese Pizza', 'L', 'Veggie', 'Mozzarella Cheese, Provolone Cheese, Smoked Gouda Cheese, Romano Cheese, Blue Cheese, Garlic'),
(38, 'The Soppressata Pizza', 'L', 'Supreme', 'Soppressata Salami, Fontina Cheese, Mozzarella Cheese, Mushrooms, Garlic'),
(39, 'The Greek Pizza', 'S', 'Classic', 'Kalamata Olives, Feta Cheese, Tomatoes, Garlic, Beef Chuck Roast, Red Onions'),
(40, 'The Four Cheese Pizza', 'L', 'Veggie', 'Ricotta Cheese, Gorgonzola Piccante Cheese, Mozzarella Cheese, Parmigiano Reggiano Cheese, Garlic'),
(41, 'The Napolitana Pizza', 'S', 'Classic', 'Tomatoes, Anchovies, Green Olives, Red Onions, Garlic'),
(42, 'The Thai Chicken Pizza', 'L', 'Chicken', 'Chicken, Pineapple, Tomatoes, Red Peppers, Thai Sweet Chilli Sauce'),
(43, 'The Barbecue Chicken Pizza', 'L', 'Chicken', 'Barbecued Chicken, Red Peppers, Green Peppers, Tomatoes, Red Onions, Barbecue Sauce'),
(44, 'The Calabrese Pizza', 'M', 'Supreme', '?duja Salami, Pancetta, Tomatoes, Red Onions, Friggitello Peppers, Garlic'),
(45, 'The Five Cheese Pizza', 'L', 'Veggie', 'Mozzarella Cheese, Provolone Cheese, Smoked Gouda Cheese, Romano Cheese, Blue Cheese, Garlic'),
(46, 'The Four Cheese Pizza', 'M', 'Veggie', 'Ricotta Cheese, Gorgonzola Piccante Cheese, Mozzarella Cheese, Parmigiano Reggiano Cheese, Garlic'),
(47, 'The Italian Supreme Pizza', 'M', 'Supreme', 'Calabrese Salami, Capocollo, Tomatoes, Red Onions, Green Olives, Garlic'),
(48, 'The Italian Vegetables Pizza', 'S', 'Veggie', 'Eggplant, Artichokes, Tomatoes, Zucchini, Red Peppers, Garlic, Pesto Sauce'),
(49, 'The Mediterranean Pizza', 'M', 'Veggie', 'Spinach, Artichokes, Kalamata Olives, Sun-dried Tomatoes, Feta Cheese, Plum Tomatoes, Red Onions'),
(50, 'The Mexicana Pizza', 'L', 'Veggie', 'Tomatoes, Red Peppers, Jalapeno Peppers, Red Onions, Cilantro, Corn, Chipotle Sauce, Garlic'),
(51, 'The Pepper Salami Pizza', 'S', 'Supreme', 'Genoa Salami, Capocollo, Pepperoni, Tomatoes, Asiago Cheese, Garlic'),
(52, 'The Spinach and Feta Pizza', 'L', 'Veggie', 'Spinach, Mushrooms, Red Onions, Feta Cheese, Garlic'),
(53, 'The Napolitana Pizza', 'L', 'Classic', 'Tomatoes, Anchovies, Green Olives, Red Onions, Garlic'),
(54, 'The Italian Capocollo Pizza', 'L', 'Classic', 'Capocollo, Red Peppers, Tomatoes, Goat Cheese, Garlic, Oregano'),
(55, 'The Sicilian Pizza', 'L', 'Supreme', 'Coarse Sicilian Salami, Tomatoes, Green Olives, Luganega Sausage, Onions, Garlic'),
(56, 'The Big Meat Pizza', 'S', 'Classic', 'Bacon, Pepperoni, Italian Sausage, Chorizo Sausage'),
(57, 'The Five Cheese Pizza', 'L', 'Veggie', 'Mozzarella Cheese, Provolone Cheese, Smoked Gouda Cheese, Romano Cheese, Blue Cheese, Garlic'),
(58, 'The Italian Capocollo Pizza', 'L', 'Classic', 'Capocollo, Red Peppers, Tomatoes, Goat Cheese, Garlic, Oregano'),
(59, 'The Five Cheese Pizza', 'L', 'Veggie', 'Mozzarella Cheese, Provolone Cheese, Smoked Gouda Cheese, Romano Cheese, Blue Cheese, Garlic'),
(60, 'The Italian Capocollo Pizza', 'M', 'Classic', 'Capocollo, Red Peppers, Tomatoes, Goat Cheese, Garlic, Oregano'),
(61, 'The Southwest Chicken Pizza', 'L', 'Chicken', 'Chicken, Tomatoes, Red Peppers, Red Onions, Jalapeno Peppers, Corn, Cilantro, Chipotle Sauce'),
(62, 'The Southwest Chicken Pizza', 'S', 'Chicken', 'Chicken, Tomatoes, Red Peppers, Red Onions, Jalapeno Peppers, Corn, Cilantro, Chipotle Sauce'),
(63, 'The Barbecue Chicken Pizza', 'M', 'Chicken', 'Barbecued Chicken, Red Peppers, Green Peppers, Tomatoes, Red Onions, Barbecue Sauce'),
(64, 'The Italian Capocollo Pizza', 'M', 'Classic', 'Capocollo, Red Peppers, Tomatoes, Goat Cheese, Garlic, Oregano'),
(65, 'The Pepperoni Pizza', 'M', 'Classic', 'Mozzarella Cheese, Pepperoni'),
(66, 'The Prosciutto and Arugula Pizza', 'S', 'Supreme', 'Prosciutto di San Daniele, Arugula, Mozzarella Cheese'),
(67, 'The Sicilian Pizza', 'M', 'Supreme', 'Coarse Sicilian Salami, Tomatoes, Green Olives, Luganega Sausage, Onions, Garlic'),
(68, 'The Thai Chicken Pizza', 'L', 'Chicken', 'Chicken, Pineapple, Tomatoes, Red Peppers, Thai Sweet Chilli Sauce'),
(69, 'The Classic Deluxe Pizza', 'S', 'Classic', 'Pepperoni, Mushrooms, Red Onions, Red Peppers, Bacon'),
(70, 'The Vegetables + Vegetables Pizza', 'L', 'Veggie', 'Mushrooms, Tomatoes, Red Peppers, Green Peppers, Red Onions, Zucchini, Spinach, Garlic'),
(71, 'The Barbecue Chicken Pizza', 'L', 'Chicken', 'Barbecued Chicken, Red Peppers, Green Peppers, Tomatoes, Red Onions, Barbecue Sauce'),
(72, 'The Classic Deluxe Pizza', 'M', 'Classic', 'Pepperoni, Mushrooms, Red Onions, Red Peppers, Bacon'),
(73, 'The Spinach and Feta Pizza', 'L', 'Veggie', 'Spinach, Mushrooms, Red Onions, Feta Cheese, Garlic'),
(74, 'The Chicken Alfredo Pizza', 'S', 'Chicken', 'Chicken, Red Onions, Red Peppers, Mushrooms, Asiago Cheese, Alfredo Sauce'),
(75, 'The Green Garden Pizza', 'S', 'Veggie', 'Spinach, Mushrooms, Tomatoes, Green Olives, Feta Cheese'),
(76, 'The Thai Chicken Pizza', 'L', 'Chicken', 'Chicken, Pineapple, Tomatoes, Red Peppers, Thai Sweet Chilli Sauce'),
(77, 'The Mexicana Pizza', 'M', 'Veggie', 'Tomatoes, Red Peppers, Jalapeno Peppers, Red Onions, Cilantro, Corn, Chipotle Sauce, Garlic'),
(78, 'The Pepperoni Pizza', 'S', 'Classic', 'Mozzarella Cheese, Pepperoni'),
(79, 'The Big Meat Pizza', 'S', 'Classic', 'Bacon, Pepperoni, Italian Sausage, Chorizo Sausage'),
(80, 'The Green Garden Pizza', 'L', 'Veggie', 'Spinach, Mushrooms, Tomatoes, Green Olives, Feta Cheese'),
(81, 'The Italian Capocollo Pizza', 'L', 'Classic', 'Capocollo, Red Peppers, Tomatoes, Goat Cheese, Garlic, Oregano'),
(82, 'The Italian Supreme Pizza', 'M', 'Supreme', 'Calabrese Salami, Capocollo, Tomatoes, Red Onions, Green Olives, Garlic'),
(83, 'The Barbecue Chicken Pizza', 'L', 'Chicken', 'Barbecued Chicken, Red Peppers, Green Peppers, Tomatoes, Red Onions, Barbecue Sauce'),
(84, 'The Green Garden Pizza', 'S', 'Veggie', 'Spinach, Mushrooms, Tomatoes, Green Olives, Feta Cheese'),
(85, 'The Greek Pizza', 'S', 'Classic', 'Kalamata Olives, Feta Cheese, Tomatoes, Garlic, Beef Chuck Roast, Red Onions'),
(86, 'The Green Garden Pizza', 'M', 'Veggie', 'Spinach, Mushrooms, Tomatoes, Green Olives, Feta Cheese'),
(87, 'The Pepperoni, Mushroom, and Peppers Pizza', 'L', 'Classic', 'Pepperoni, Mushrooms, Green Peppers'),
(88, 'The Pepperoni Pizza', 'M', 'Classic', 'Mozzarella Cheese, Pepperoni'),
(89, 'The Thai Chicken Pizza', 'L', 'Chicken', 'Chicken, Pineapple, Tomatoes, Red Peppers, Thai Sweet Chilli Sauce'),
(90, 'The Barbecue Chicken Pizza', 'M', 'Chicken', 'Barbecued Chicken, Red Peppers, Green Peppers, Tomatoes, Red Onions, Barbecue Sauce'),
(91, 'The Classic Deluxe Pizza', 'M', 'Classic', 'Pepperoni, Mushrooms, Red Onions, Red Peppers, Bacon'),
(92, 'The Italian Supreme Pizza', 'L', 'Supreme', 'Calabrese Salami, Capocollo, Tomatoes, Red Onions, Green Olives, Garlic'),
(93, 'The Mexicana Pizza', 'L', 'Veggie', 'Tomatoes, Red Peppers, Jalapeno Peppers, Red Onions, Cilantro, Corn, Chipotle Sauce, Garlic'),
(94, 'The Hawaiian Pizza', 'S', 'Classic', 'Sliced Ham, Pineapple, Mozzarella Cheese'),
(95, 'The Italian Capocollo Pizza', 'L', 'Classic', 'Capocollo, Red Peppers, Tomatoes, Goat Cheese, Garlic, Oregano'),
(96, 'The Italian Supreme Pizza', 'L', 'Supreme', 'Calabrese Salami, Capocollo, Tomatoes, Red Onions, Green Olives, Garlic'),
(97, 'The Four Cheese Pizza', 'L', 'Veggie', 'Ricotta Cheese, Gorgonzola Piccante Cheese, Mozzarella Cheese, Parmigiano Reggiano Cheese, Garlic'),
(98, 'The Southwest Chicken Pizza', 'S', 'Chicken', 'Chicken, Tomatoes, Red Peppers, Red Onions, Jalapeno Peppers, Corn, Cilantro, Chipotle Sauce'),
(99, 'The Four Cheese Pizza', 'M', 'Veggie', 'Ricotta Cheese, Gorgonzola Piccante Cheese, Mozzarella Cheese, Parmigiano Reggiano Cheese, Garlic'),
(100, 'The Green Garden Pizza', 'S', 'Veggie', 'Spinach, Mushrooms, Tomatoes, Green Olives, Feta Cheese'),
(101, 'The Big Meat Pizza', 'S', 'Classic', 'Bacon, Pepperoni, Italian Sausage, Chorizo Sausage'),
(102, 'The Five Cheese Pizza', 'L', 'Veggie', 'Mozzarella Cheese, Provolone Cheese, Smoked Gouda Cheese, Romano Cheese, Blue Cheese, Garlic'),
(103, 'The Mexicana Pizza', 'L', 'Veggie', 'Tomatoes, Red Peppers, Jalapeno Peppers, Red Onions, Cilantro, Corn, Chipotle Sauce, Garlic'),
(104, 'The Pepper Salami Pizza', 'M', 'Supreme', 'Genoa Salami, Capocollo, Pepperoni, Tomatoes, Asiago Cheese, Garlic'),
(105, 'The Chicken Alfredo Pizza', 'M', 'Chicken', 'Chicken, Red Onions, Red Peppers, Mushrooms, Asiago Cheese, Alfredo Sauce'),
(106, 'The Italian Supreme Pizza', 'M', 'Supreme', 'Calabrese Salami, Capocollo, Tomatoes, Red Onions, Green Olives, Garlic'),
(107, 'The Pepper Salami Pizza', 'L', 'Supreme', 'Genoa Salami, Capocollo, Pepperoni, Tomatoes, Asiago Cheese, Garlic'),
(108, 'The Spinach Pesto Pizza', 'S', 'Veggie', 'Spinach, Artichokes, Tomatoes, Sun-dried Tomatoes, Garlic, Pesto Sauce'),
(109, 'The Four Cheese Pizza', 'L', 'Veggie', 'Ricotta Cheese, Gorgonzola Piccante Cheese, Mozzarella Cheese, Parmigiano Reggiano Cheese, Garlic'),
(110, 'The Hawaiian Pizza', 'S', 'Classic', 'Sliced Ham, Pineapple, Mozzarella Cheese'),
(111, 'The Thai Chicken Pizza', 'M', 'Chicken', 'Chicken, Pineapple, Tomatoes, Red Peppers, Thai Sweet Chilli Sauce'),
(112, 'The Chicken Pesto Pizza', 'L', 'Chicken', 'Chicken, Tomatoes, Red Peppers, Spinach, Garlic, Pesto Sauce'),
(113, 'The Classic Deluxe Pizza', 'L', 'Classic', 'Pepperoni, Mushrooms, Red Onions, Red Peppers, Bacon'),
(114, 'The Thai Chicken Pizza', 'M', 'Chicken', 'Chicken, Pineapple, Tomatoes, Red Peppers, Thai Sweet Chilli Sauce'),
(115, 'The Southwest Chicken Pizza', 'L', 'Chicken', 'Chicken, Tomatoes, Red Peppers, Red Onions, Jalapeno Peppers, Corn, Cilantro, Chipotle Sauce'),
(116, 'The Vegetables + Vegetables Pizza', 'S', 'Veggie', 'Mushrooms, Tomatoes, Red Peppers, Green Peppers, Red Onions, Zucchini, Spinach, Garlic'),
(117, 'The Chicken Pesto Pizza', 'M', 'Chicken', 'Chicken, Tomatoes, Red Peppers, Spinach, Garlic, Pesto Sauce'),
(118, 'The Green Garden Pizza', 'S', 'Veggie', 'Spinach, Mushrooms, Tomatoes, Green Olives, Feta Cheese'),
(119, 'The Prosciutto and Arugula Pizza', 'L', 'Supreme', 'Prosciutto di San Daniele, Arugula, Mozzarella Cheese'),
(120, 'The Spicy Italian Pizza', 'L', 'Supreme', 'Capocollo, Tomatoes, Goat Cheese, Artichokes, Peperoncini verdi, Garlic'),
(121, 'The Sicilian Pizza', 'L', 'Supreme', 'Coarse Sicilian Salami, Tomatoes, Green Olives, Luganega Sausage, Onions, Garlic'),
(122, 'The Greek Pizza', 'XL', 'Classic', 'Kalamata Olives, Feta Cheese, Tomatoes, Garlic, Beef Chuck Roast, Red Onions'),
(123, 'The Barbecue Chicken Pizza', 'L', 'Chicken', 'Barbecued Chicken, Red Peppers, Green Peppers, Tomatoes, Red Onions, Barbecue Sauce'),
(124, 'The Pepperoni, Mushroom, and Peppers Pizza', 'L', 'Classic', 'Pepperoni, Mushrooms, Green Peppers'),
(125, 'The Hawaiian Pizza', 'L', 'Classic', 'Sliced Ham, Pineapple, Mozzarella Cheese'),
(126, 'The Mexicana Pizza', 'L', 'Veggie', 'Tomatoes, Red Peppers, Jalapeno Peppers, Red Onions, Cilantro, Corn, Chipotle Sauce, Garlic'),
(127, 'The Spicy Italian Pizza', 'L', 'Supreme', 'Capocollo, Tomatoes, Goat Cheese, Artichokes, Peperoncini verdi, Garlic'),
(128, 'The Pepperoni, Mushroom, and Peppers Pizza', 'S', 'Classic', 'Pepperoni, Mushrooms, Green Peppers'),
(129, 'The Spinach Supreme Pizza', 'M', 'Supreme', 'Spinach, Red Onions, Pepperoni, Tomatoes, Artichokes, Kalamata Olives, Garlic, Asiago Cheese'),
(130, 'The Prosciutto and Arugula Pizza', 'M', 'Supreme', 'Prosciutto di San Daniele, Arugula, Mozzarella Cheese'),
(131, 'The Thai Chicken Pizza', 'L', 'Chicken', 'Chicken, Pineapple, Tomatoes, Red Peppers, Thai Sweet Chilli Sauce'),
(132, 'The Pepper Salami Pizza', 'S', 'Supreme', 'Genoa Salami, Capocollo, Pepperoni, Tomatoes, Asiago Cheese, Garlic'),
(133, 'The Spicy Italian Pizza', 'L', 'Supreme', 'Capocollo, Tomatoes, Goat Cheese, Artichokes, Peperoncini verdi, Garlic'),
(134, 'The Classic Deluxe Pizza', 'M', 'Classic', 'Pepperoni, Mushrooms, Red Onions, Red Peppers, Bacon'),
(135, 'The Mediterranean Pizza', 'L', 'Veggie', 'Spinach, Artichokes, Kalamata Olives, Sun-dried Tomatoes, Feta Cheese, Plum Tomatoes, Red Onions'),
(136, 'The Southwest Chicken Pizza', 'M', 'Chicken', 'Chicken, Tomatoes, Red Peppers, Red Onions, Jalapeno Peppers, Corn, Cilantro, Chipotle Sauce'),
(137, 'The Classic Deluxe Pizza', 'M', 'Classic', 'Pepperoni, Mushrooms, Red Onions, Red Peppers, Bacon'),
(138, 'The Five Cheese Pizza', 'L', 'Veggie', 'Mozzarella Cheese, Provolone Cheese, Smoked Gouda Cheese, Romano Cheese, Blue Cheese, Garlic'),
(139, 'The Pepperoni Pizza', 'M', 'Classic', 'Mozzarella Cheese, Pepperoni'),
(140, 'The Italian Vegetables Pizza', 'S', 'Veggie', 'Eggplant, Artichokes, Tomatoes, Zucchini, Red Peppers, Garlic, Pesto Sauce'),
(141, 'The Pepperoni, Mushroom, and Peppers Pizza', 'S', 'Classic', 'Pepperoni, Mushrooms, Green Peppers'),
(142, 'The Pepperoni Pizza', 'L', 'Classic', 'Mozzarella Cheese, Pepperoni'),
(143, 'The Chicken Pesto Pizza', 'L', 'Chicken', 'Chicken, Tomatoes, Red Peppers, Spinach, Garlic, Pesto Sauce'),
(144, 'The Four Cheese Pizza', 'M', 'Veggie', 'Ricotta Cheese, Gorgonzola Piccante Cheese, Mozzarella Cheese, Parmigiano Reggiano Cheese, Garlic'),
(145, 'The Barbecue Chicken Pizza', 'M', 'Chicken', 'Barbecued Chicken, Red Peppers, Green Peppers, Tomatoes, Red Onions, Barbecue Sauce'),
(146, 'The Italian Supreme Pizza', 'L', 'Supreme', 'Calabrese Salami, Capocollo, Tomatoes, Red Onions, Green Olives, Garlic'),
(147, 'The Barbecue Chicken Pizza', 'M', 'Chicken', 'Barbecued Chicken, Red Peppers, Green Peppers, Tomatoes, Red Onions, Barbecue Sauce'),
(148, 'The Spinach Supreme Pizza', 'M', 'Supreme', 'Spinach, Red Onions, Pepperoni, Tomatoes, Artichokes, Kalamata Olives, Garlic, Asiago Cheese'),
(149, 'The Pepperoni, Mushroom, and Peppers Pizza', 'M', 'Classic', 'Pepperoni, Mushrooms, Green Peppers'),
(150, 'The Big Meat Pizza', 'S', 'Classic', 'Bacon, Pepperoni, Italian Sausage, Chorizo Sausage'),
(151, 'The Pepperoni, Mushroom, and Peppers Pizza', 'S', 'Classic', 'Pepperoni, Mushrooms, Green Peppers'),
(152, 'The Sicilian Pizza', 'S', 'Supreme', 'Coarse Sicilian Salami, Tomatoes, Green Olives, Luganega Sausage, Onions, Garlic'),
(153, 'The Spicy Italian Pizza', 'S', 'Supreme', 'Capocollo, Tomatoes, Goat Cheese, Artichokes, Peperoncini verdi, Garlic'),
(154, 'The Spinach Supreme Pizza', 'M', 'Supreme', 'Spinach, Red Onions, Pepperoni, Tomatoes, Artichokes, Kalamata Olives, Garlic, Asiago Cheese'),
(155, 'The Classic Deluxe Pizza', 'M', 'Classic', 'Pepperoni, Mushrooms, Red Onions, Red Peppers, Bacon'),
(156, 'The Italian Capocollo Pizza', 'M', 'Classic', 'Capocollo, Red Peppers, Tomatoes, Goat Cheese, Garlic, Oregano'),
(157, 'The Southwest Chicken Pizza', 'L', 'Chicken', 'Chicken, Tomatoes, Red Peppers, Red Onions, Jalapeno Peppers, Corn, Cilantro, Chipotle Sauce'),
(158, 'The Classic Deluxe Pizza', 'M', 'Classic', 'Pepperoni, Mushrooms, Red Onions, Red Peppers, Bacon'),
(159, 'The Italian Supreme Pizza', 'L', 'Supreme', 'Calabrese Salami, Capocollo, Tomatoes, Red Onions, Green Olives, Garlic'),
(160, 'The Italian Supreme Pizza', 'M', 'Supreme', 'Calabrese Salami, Capocollo, Tomatoes, Red Onions, Green Olives, Garlic'),
(161, 'The Barbecue Chicken Pizza', 'L', 'Chicken', 'Barbecued Chicken, Red Peppers, Green Peppers, Tomatoes, Red Onions, Barbecue Sauce'),
(162, 'The Italian Vegetables Pizza', 'S', 'Veggie', 'Eggplant, Artichokes, Tomatoes, Zucchini, Red Peppers, Garlic, Pesto Sauce'),
(163, 'The Soppressata Pizza', 'L', 'Supreme', 'Soppressata Salami, Fontina Cheese, Mozzarella Cheese, Mushrooms, Garlic'),
(164, 'The Thai Chicken Pizza', 'L', 'Chicken', 'Chicken, Pineapple, Tomatoes, Red Peppers, Thai Sweet Chilli Sauce'),
(165, 'The Spinach and Feta Pizza', 'L', 'Veggie', 'Spinach, Mushrooms, Red Onions, Feta Cheese, Garlic'),
(166, 'The Thai Chicken Pizza', 'S', 'Chicken', 'Chicken, Pineapple, Tomatoes, Red Peppers, Thai Sweet Chilli Sauce'),
(167, 'The Five Cheese Pizza', 'L', 'Veggie', 'Mozzarella Cheese, Provolone Cheese, Smoked Gouda Cheese, Romano Cheese, Blue Cheese, Garlic'),
(168, 'The Mexicana Pizza', 'L', 'Veggie', 'Tomatoes, Red Peppers, Jalapeno Peppers, Red Onions, Cilantro, Corn, Chipotle Sauce, Garlic'),
(169, 'The Spinach Pesto Pizza', 'S', 'Veggie', 'Spinach, Artichokes, Tomatoes, Sun-dried Tomatoes, Garlic, Pesto Sauce'),
(170, 'The Spinach Supreme Pizza', 'L', 'Supreme', 'Spinach, Red Onions, Pepperoni, Tomatoes, Artichokes, Kalamata Olives, Garlic, Asiago Cheese'),
(171, 'The Italian Supreme Pizza', 'S', 'Supreme', 'Calabrese Salami, Capocollo, Tomatoes, Red Onions, Green Olives, Garlic'),
(172, 'The Mediterranean Pizza', 'L', 'Veggie', 'Spinach, Artichokes, Kalamata Olives, Sun-dried Tomatoes, Feta Cheese, Plum Tomatoes, Red Onions'),
(173, 'The Napolitana Pizza', 'L', 'Classic', 'Tomatoes, Anchovies, Green Olives, Red Onions, Garlic'),
(174, 'The Big Meat Pizza', 'S', 'Classic', 'Bacon, Pepperoni, Italian Sausage, Chorizo Sausage'),
(175, 'The Hawaiian Pizza', 'L', 'Classic', 'Sliced Ham, Pineapple, Mozzarella Cheese'),
(176, 'The Italian Vegetables Pizza', 'L', 'Veggie', 'Eggplant, Artichokes, Tomatoes, Zucchini, Red Peppers, Garlic, Pesto Sauce'),
(177, 'The Spicy Italian Pizza', 'L', 'Supreme', 'Capocollo, Tomatoes, Goat Cheese, Artichokes, Peperoncini verdi, Garlic'),
(178, 'The Barbecue Chicken Pizza', 'M', 'Chicken', 'Barbecued Chicken, Red Peppers, Green Peppers, Tomatoes, Red Onions, Barbecue Sauce'),
(179, 'The Hawaiian Pizza', 'M', 'Classic', 'Sliced Ham, Pineapple, Mozzarella Cheese'),
(180, 'The Big Meat Pizza', 'S', 'Classic', 'Bacon, Pepperoni, Italian Sausage, Chorizo Sausage'),
(181, 'The Classic Deluxe Pizza', 'S', 'Classic', 'Pepperoni, Mushrooms, Red Onions, Red Peppers, Bacon'),
(182, 'The Four Cheese Pizza', 'L', 'Veggie', 'Ricotta Cheese, Gorgonzola Piccante Cheese, Mozzarella Cheese, Parmigiano Reggiano Cheese, Garlic'),
(183, 'The Italian Capocollo Pizza', 'M', 'Classic', 'Capocollo, Red Peppers, Tomatoes, Goat Cheese, Garlic, Oregano'),
(184, 'The Spicy Italian Pizza', 'L', 'Supreme', 'Capocollo, Tomatoes, Goat Cheese, Artichokes, Peperoncini verdi, Garlic'),
(185, 'The Thai Chicken Pizza', 'S', 'Chicken', 'Chicken, Pineapple, Tomatoes, Red Peppers, Thai Sweet Chilli Sauce'),
(186, 'The Italian Capocollo Pizza', 'L', 'Classic', 'Capocollo, Red Peppers, Tomatoes, Goat Cheese, Garlic, Oregano'),
(187, 'The Pepperoni, Mushroom, and Peppers Pizza', 'S', 'Classic', 'Pepperoni, Mushrooms, Green Peppers'),
(188, 'The Thai Chicken Pizza', 'L', 'Chicken', 'Chicken, Pineapple, Tomatoes, Red Peppers, Thai Sweet Chilli Sauce'),
(189, 'The Pepperoni Pizza', 'S', 'Classic', 'Mozzarella Cheese, Pepperoni'),
(190, 'The Thai Chicken Pizza', 'M', 'Chicken', 'Chicken, Pineapple, Tomatoes, Red Peppers, Thai Sweet Chilli Sauce'),
(191, 'The Thai Chicken Pizza', 'L', 'Chicken', 'Chicken, Pineapple, Tomatoes, Red Peppers, Thai Sweet Chilli Sauce'),
(192, 'The Big Meat Pizza', 'S', 'Classic', 'Bacon, Pepperoni, Italian Sausage, Chorizo Sausage'),
(193, 'The California Chicken Pizza', 'M', 'Chicken', 'Chicken, Artichoke, Spinach, Garlic, Jalapeno Peppers, Fontina Cheese, Gouda Cheese'),
(194, 'The Spicy Italian Pizza', 'L', 'Supreme', 'Capocollo, Tomatoes, Goat Cheese, Artichokes, Peperoncini verdi, Garlic'),
(195, 'The Vegetables + Vegetables Pizza', 'M', 'Veggie', 'Mushrooms, Tomatoes, Red Peppers, Green Peppers, Red Onions, Zucchini, Spinach, Garlic'),
(196, 'The Southwest Chicken Pizza', 'S', 'Chicken', 'Chicken, Tomatoes, Red Peppers, Red Onions, Jalapeno Peppers, Corn, Cilantro, Chipotle Sauce'),
(197, 'The Pepperoni Pizza', 'L', 'Classic', 'Mozzarella Cheese, Pepperoni'),
(198, 'The Classic Deluxe Pizza', 'M', 'Classic', 'Pepperoni, Mushrooms, Red Onions, Red Peppers, Bacon'),
(199, 'The Classic Deluxe Pizza', 'S', 'Classic', 'Pepperoni, Mushrooms, Red Onions, Red Peppers, Bacon'),
(200, 'The Italian Supreme Pizza', 'L', 'Supreme', 'Calabrese Salami, Capocollo, Tomatoes, Red Onions, Green Olives, Garlic'),
(201, 'The Greek Pizza', 'M', 'Classic', 'Kalamata Olives, Feta Cheese, Tomatoes, Garlic, Beef Chuck Roast, Red Onions'),
(202, 'The Hawaiian Pizza', 'L', 'Classic', 'Sliced Ham, Pineapple, Mozzarella Cheese'),
(203, 'The Italian Capocollo Pizza', 'M', 'Classic', 'Capocollo, Red Peppers, Tomatoes, Goat Cheese, Garlic, Oregano'),
(204, 'The Mexicana Pizza', 'M', 'Veggie', 'Tomatoes, Red Peppers, Jalapeno Peppers, Red Onions, Cilantro, Corn, Chipotle Sauce, Garlic'),
(205, 'The Spinach Supreme Pizza', 'L', 'Supreme', 'Spinach, Red Onions, Pepperoni, Tomatoes, Artichokes, Kalamata Olives, Garlic, Asiago Cheese'),
(206, 'The Spinach Supreme Pizza', 'S', 'Supreme', 'Spinach, Red Onions, Pepperoni, Tomatoes, Artichokes, Kalamata Olives, Garlic, Asiago Cheese'),
(207, 'The Five Cheese Pizza', 'L', 'Veggie', 'Mozzarella Cheese, Provolone Cheese, Smoked Gouda Cheese, Romano Cheese, Blue Cheese, Garlic'),
(208, 'The Soppressata Pizza', 'L', 'Supreme', 'Soppressata Salami, Fontina Cheese, Mozzarella Cheese, Mushrooms, Garlic'),
(209, 'The Thai Chicken Pizza', 'L', 'Chicken', 'Chicken, Pineapple, Tomatoes, Red Peppers, Thai Sweet Chilli Sauce'),
(210, 'The Sicilian Pizza', 'L', 'Supreme', 'Coarse Sicilian Salami, Tomatoes, Green Olives, Luganega Sausage, Onions, Garlic'),
(211, 'The Thai Chicken Pizza', 'S', 'Chicken', 'Chicken, Pineapple, Tomatoes, Red Peppers, Thai Sweet Chilli Sauce'),
(212, 'The Barbecue Chicken Pizza', 'L', 'Chicken', 'Barbecued Chicken, Red Peppers, Green Peppers, Tomatoes, Red Onions, Barbecue Sauce'),
(213, 'The Chicken Pesto Pizza', 'S', 'Chicken', 'Chicken, Tomatoes, Red Peppers, Spinach, Garlic, Pesto Sauce'),
(214, 'The Pepperoni Pizza', 'S', 'Classic', 'Mozzarella Cheese, Pepperoni'),
(215, 'The Barbecue Chicken Pizza', 'M', 'Chicken', 'Barbecued Chicken, Red Peppers, Green Peppers, Tomatoes, Red Onions, Barbecue Sauce'),
(216, 'The Italian Supreme Pizza', 'L', 'Supreme', 'Calabrese Salami, Capocollo, Tomatoes, Red Onions, Green Olives, Garlic'),
(217, 'The Italian Supreme Pizza', 'M', 'Supreme', 'Calabrese Salami, Capocollo, Tomatoes, Red Onions, Green Olives, Garlic'),
(218, 'The Italian Vegetables Pizza', 'S', 'Veggie', 'Eggplant, Artichokes, Tomatoes, Zucchini, Red Peppers, Garlic, Pesto Sauce'),
(219, 'The Pepperoni Pizza', 'M', 'Classic', 'Mozzarella Cheese, Pepperoni'),
(220, 'The Pepper Salami Pizza', 'M', 'Supreme', 'Genoa Salami, Capocollo, Pepperoni, Tomatoes, Asiago Cheese, Garlic'),
(221, 'The Spinach and Feta Pizza', 'S', 'Veggie', 'Spinach, Mushrooms, Red Onions, Feta Cheese, Garlic'),
(222, 'The Spinach Supreme Pizza', 'S', 'Supreme', 'Spinach, Red Onions, Pepperoni, Tomatoes, Artichokes, Kalamata Olives, Garlic, Asiago Cheese'),
(223, 'The Greek Pizza', 'M', 'Classic', 'Kalamata Olives, Feta Cheese, Tomatoes, Garlic, Beef Chuck Roast, Red Onions'),
(224, 'The Sicilian Pizza', 'M', 'Supreme', 'Coarse Sicilian Salami, Tomatoes, Green Olives, Luganega Sausage, Onions, Garlic'),
(225, 'The Italian Capocollo Pizza', 'M', 'Classic', 'Capocollo, Red Peppers, Tomatoes, Goat Cheese, Garlic, Oregano'),
(226, 'The Southwest Chicken Pizza', 'S', 'Chicken', 'Chicken, Tomatoes, Red Peppers, Red Onions, Jalapeno Peppers, Corn, Cilantro, Chipotle Sauce'),
(227, 'The Napolitana Pizza', 'S', 'Classic', 'Tomatoes, Anchovies, Green Olives, Red Onions, Garlic'),
(228, 'The Pepper Salami Pizza', 'L', 'Supreme', 'Genoa Salami, Capocollo, Pepperoni, Tomatoes, Asiago Cheese, Garlic'),
(229, 'The Napolitana Pizza', 'S', 'Classic', 'Tomatoes, Anchovies, Green Olives, Red Onions, Garlic'),
(230, 'The Big Meat Pizza', 'S', 'Classic', 'Bacon, Pepperoni, Italian Sausage, Chorizo Sausage'),
(231, 'The Classic Deluxe Pizza', 'L', 'Classic', 'Pepperoni, Mushrooms, Red Onions, Red Peppers, Bacon'),
(232, 'The Napolitana Pizza', 'L', 'Classic', 'Tomatoes, Anchovies, Green Olives, Red Onions, Garlic'),
(233, 'The Italian Supreme Pizza', 'L', 'Supreme', 'Calabrese Salami, Capocollo, Tomatoes, Red Onions, Green Olives, Garlic'),
(234, 'The Hawaiian Pizza', 'L', 'Classic', 'Sliced Ham, Pineapple, Mozzarella Cheese'),
(235, 'The California Chicken Pizza', 'L', 'Chicken', 'Chicken, Artichoke, Spinach, Garlic, Jalapeno Peppers, Fontina Cheese, Gouda Cheese'),
(236, 'The Pepperoni Pizza', 'L', 'Classic', 'Mozzarella Cheese, Pepperoni'),
(237, 'The Soppressata Pizza', 'L', 'Supreme', 'Soppressata Salami, Fontina Cheese, Mozzarella Cheese, Mushrooms, Garlic'),
(238, 'The Spicy Italian Pizza', 'M', 'Supreme', 'Capocollo, Tomatoes, Goat Cheese, Artichokes, Peperoncini verdi, Garlic'),
(239, 'The Barbecue Chicken Pizza', 'S', 'Chicken', 'Barbecued Chicken, Red Peppers, Green Peppers, Tomatoes, Red Onions, Barbecue Sauce'),
(240, 'The Prosciutto and Arugula Pizza', 'S', 'Supreme', 'Prosciutto di San Daniele, Arugula, Mozzarella Cheese'),
(241, 'The Spinach Supreme Pizza', 'S', 'Supreme', 'Spinach, Red Onions, Pepperoni, Tomatoes, Artichokes, Kalamata Olives, Garlic, Asiago Cheese'),
(242, 'The Barbecue Chicken Pizza', 'M', 'Chicken', 'Barbecued Chicken, Red Peppers, Green Peppers, Tomatoes, Red Onions, Barbecue Sauce'),
(243, 'The Chicken Alfredo Pizza', 'M', 'Chicken', 'Chicken, Red Onions, Red Peppers, Mushrooms, Asiago Cheese, Alfredo Sauce'),
(244, 'The Italian Vegetables Pizza', 'M', 'Veggie', 'Eggplant, Artichokes, Tomatoes, Zucchini, Red Peppers, Garlic, Pesto Sauce'),
(245, 'The Vegetables + Vegetables Pizza', 'L', 'Veggie', 'Mushrooms, Tomatoes, Red Peppers, Green Peppers, Red Onions, Zucchini, Spinach, Garlic'),
(246, 'The Hawaiian Pizza', 'S', 'Classic', 'Sliced Ham, Pineapple, Mozzarella Cheese'),
(247, 'The Pepperoni Pizza', 'L', 'Classic', 'Mozzarella Cheese, Pepperoni'),
(248, 'The Prosciutto and Arugula Pizza', 'M', 'Supreme', 'Prosciutto di San Daniele, Arugula, Mozzarella Cheese'),
(249, 'The Mexicana Pizza', 'L', 'Veggie', 'Tomatoes, Red Peppers, Jalapeno Peppers, Red Onions, Cilantro, Corn, Chipotle Sauce, Garlic'),
(250, 'The Spicy Italian Pizza', 'L', 'Supreme', 'Capocollo, Tomatoes, Goat Cheese, Artichokes, Peperoncini verdi, Garlic'),
(251, 'The California Chicken Pizza', 'L', 'Chicken', 'Chicken, Artichoke, Spinach, Garlic, Jalapeno Peppers, Fontina Cheese, Gouda Cheese'),
(252, 'The Italian Supreme Pizza', 'M', 'Supreme', 'Calabrese Salami, Capocollo, Tomatoes, Red Onions, Green Olives, Garlic'),
(253, 'The Spicy Italian Pizza', 'L', 'Supreme', 'Capocollo, Tomatoes, Goat Cheese, Artichokes, Peperoncini verdi, Garlic'),
(254, 'The Vegetables + Vegetables Pizza', 'L', 'Veggie', 'Mushrooms, Tomatoes, Red Peppers, Green Peppers, Red Onions, Zucchini, Spinach, Garlic'),
(255, 'The Classic Deluxe Pizza', 'L', 'Classic', 'Pepperoni, Mushrooms, Red Onions, Red Peppers, Bacon'),
(256, 'The Hawaiian Pizza', 'L', 'Classic', 'Sliced Ham, Pineapple, Mozzarella Cheese'),
(257, 'The Spinach Supreme Pizza', 'L', 'Supreme', 'Spinach, Red Onions, Pepperoni, Tomatoes, Artichokes, Kalamata Olives, Garlic, Asiago Cheese'),
(258, 'The Italian Capocollo Pizza', 'L', 'Classic', 'Capocollo, Red Peppers, Tomatoes, Goat Cheese, Garlic, Oregano'),
(259, 'The Italian Supreme Pizza', 'L', 'Supreme', 'Calabrese Salami, Capocollo, Tomatoes, Red Onions, Green Olives, Garlic'),
(260, 'The Pepperoni Pizza', 'M', 'Classic', 'Mozzarella Cheese, Pepperoni'),
(261, 'The Prosciutto and Arugula Pizza', 'L', 'Supreme', 'Prosciutto di San Daniele, Arugula, Mozzarella Cheese'),
(262, 'The Big Meat Pizza', 'S', 'Classic', 'Bacon, Pepperoni, Italian Sausage, Chorizo Sausage'),
(263, 'The Napolitana Pizza', 'L', 'Classic', 'Tomatoes, Anchovies, Green Olives, Red Onions, Garlic'),
(264, 'The Soppressata Pizza', 'L', 'Supreme', 'Soppressata Salami, Fontina Cheese, Mozzarella Cheese, Mushrooms, Garlic'),
(265, 'The Spicy Italian Pizza', 'S', 'Supreme', 'Capocollo, Tomatoes, Goat Cheese, Artichokes, Peperoncini verdi, Garlic'),
(266, 'The California Chicken Pizza', 'M', 'Chicken', 'Chicken, Artichoke, Spinach, Garlic, Jalapeno Peppers, Fontina Cheese, Gouda Cheese'),
(267, 'The Five Cheese Pizza', 'L', 'Veggie', 'Mozzarella Cheese, Provolone Cheese, Smoked Gouda Cheese, Romano Cheese, Blue Cheese, Garlic'),
(268, 'The Pepperoni Pizza', 'M', 'Classic', 'Mozzarella Cheese, Pepperoni'),
(269, 'The Spinach Pesto Pizza', 'L', 'Veggie', 'Spinach, Artichokes, Tomatoes, Sun-dried Tomatoes, Garlic, Pesto Sauce'),
(270, 'The Pepperoni Pizza', 'S', 'Classic', 'Mozzarella Cheese, Pepperoni'),
(271, 'The California Chicken Pizza', 'L', 'Chicken', 'Chicken, Artichoke, Spinach, Garlic, Jalapeno Peppers, Fontina Cheese, Gouda Cheese'),
(272, 'The Mexicana Pizza', 'L', 'Veggie', 'Tomatoes, Red Peppers, Jalapeno Peppers, Red Onions, Cilantro, Corn, Chipotle Sauce, Garlic'),
(273, 'The Southwest Chicken Pizza', 'M', 'Chicken', 'Chicken, Tomatoes, Red Peppers, Red Onions, Jalapeno Peppers, Corn, Cilantro, Chipotle Sauce'),
(274, 'The Pepperoni Pizza', 'L', 'Classic', 'Mozzarella Cheese, Pepperoni'),
(275, 'The Sicilian Pizza', 'S', 'Supreme', 'Coarse Sicilian Salami, Tomatoes, Green Olives, Luganega Sausage, Onions, Garlic'),
(276, 'The Big Meat Pizza', 'S', 'Classic', 'Bacon, Pepperoni, Italian Sausage, Chorizo Sausage'),
(277, 'The Napolitana Pizza', 'L', 'Classic', 'Tomatoes, Anchovies, Green Olives, Red Onions, Garlic'),
(278, 'The Thai Chicken Pizza', 'M', 'Chicken', 'Chicken, Pineapple, Tomatoes, Red Peppers, Thai Sweet Chilli Sauce'),
(279, 'The Five Cheese Pizza', 'L', 'Veggie', 'Mozzarella Cheese, Provolone Cheese, Smoked Gouda Cheese, Romano Cheese, Blue Cheese, Garlic'),
(280, 'The Pepper Salami Pizza', 'M', 'Supreme', 'Genoa Salami, Capocollo, Pepperoni, Tomatoes, Asiago Cheese, Garlic'),
(281, 'The Sicilian Pizza', 'L', 'Supreme', 'Coarse Sicilian Salami, Tomatoes, Green Olives, Luganega Sausage, Onions, Garlic'),
(282, 'The Prosciutto and Arugula Pizza', 'L', 'Supreme', 'Prosciutto di San Daniele, Arugula, Mozzarella Cheese'),
(283, 'The Spinach and Feta Pizza', 'S', 'Veggie', 'Spinach, Mushrooms, Red Onions, Feta Cheese, Garlic'),
(284, 'The Four Cheese Pizza', 'M', 'Veggie', 'Ricotta Cheese, Gorgonzola Piccante Cheese, Mozzarella Cheese, Parmigiano Reggiano Cheese, Garlic'),
(285, 'The Classic Deluxe Pizza', 'S', 'Classic', 'Pepperoni, Mushrooms, Red Onions, Red Peppers, Bacon'),
(286, 'The Hawaiian Pizza', 'S', 'Classic', 'Sliced Ham, Pineapple, Mozzarella Cheese'),
(287, 'The Spinach and Feta Pizza', 'L', 'Veggie', 'Spinach, Mushrooms, Red Onions, Feta Cheese, Garlic'),
(288, 'The Barbecue Chicken Pizza', 'M', 'Chicken', 'Barbecued Chicken, Red Peppers, Green Peppers, Tomatoes, Red Onions, Barbecue Sauce'),
(289, 'The Four Cheese Pizza', 'L', 'Veggie', 'Ricotta Cheese, Gorgonzola Piccante Cheese, Mozzarella Cheese, Parmigiano Reggiano Cheese, Garlic'),
(290, 'The Sicilian Pizza', 'L', 'Supreme', 'Coarse Sicilian Salami, Tomatoes, Green Olives, Luganega Sausage, Onions, Garlic'),
(291, 'The Southwest Chicken Pizza', 'L', 'Chicken', 'Chicken, Tomatoes, Red Peppers, Red Onions, Jalapeno Peppers, Corn, Cilantro, Chipotle Sauce'),
(292, 'The Italian Supreme Pizza', 'M', 'Supreme', 'Calabrese Salami, Capocollo, Tomatoes, Red Onions, Green Olives, Garlic'),
(293, 'The Italian Capocollo Pizza', 'S', 'Classic', 'Capocollo, Red Peppers, Tomatoes, Goat Cheese, Garlic, Oregano'),
(294, 'The Barbecue Chicken Pizza', 'S', 'Chicken', 'Barbecued Chicken, Red Peppers, Green Peppers, Tomatoes, Red Onions, Barbecue Sauce'),
(295, 'The Sicilian Pizza', 'L', 'Supreme', 'Coarse Sicilian Salami, Tomatoes, Green Olives, Luganega Sausage, Onions, Garlic'),
(296, 'The Spicy Italian Pizza', 'L', 'Supreme', 'Capocollo, Tomatoes, Goat Cheese, Artichokes, Peperoncini verdi, Garlic'),
(297, 'The Greek Pizza', 'S', 'Classic', 'Kalamata Olives, Feta Cheese, Tomatoes, Garlic, Beef Chuck Roast, Red Onions'),
(298, 'The Greek Pizza', 'XL', 'Classic', 'Kalamata Olives, Feta Cheese, Tomatoes, Garlic, Beef Chuck Roast, Red Onions'),
(299, 'The Vegetables + Vegetables Pizza', 'L', 'Veggie', 'Mushrooms, Tomatoes, Red Peppers, Green Peppers, Red Onions, Zucchini, Spinach, Garlic'),
(300, 'The Pepperoni Pizza', 'M', 'Classic', 'Mozzarella Cheese, Pepperoni');

--
-- Indexes for dumped tables
--

--
-- Indexes for table `CustomerOrders`
--
ALTER TABLE `CustomerOrders`
  ADD PRIMARY KEY (`customer_order_id`),
  ADD KEY `order_id` (`order_id`),
  ADD KEY `pizza_id` (`pizza_id`);

--
-- Indexes for table `OrderItems`
--
ALTER TABLE `OrderItems`
  ADD PRIMARY KEY (`order_item_id`),
  ADD KEY `order_id` (`order_id`),
  ADD KEY `pizza_id` (`pizza_id`);

--
-- Indexes for table `PizzaDetails`
--
ALTER TABLE `PizzaDetails`
  ADD PRIMARY KEY (`pizza_detail_id`),
  ADD KEY `pizza_id` (`pizza_id`);

--
-- Indexes for table `PizzaIngredients`
--
ALTER TABLE `PizzaIngredients`
  ADD PRIMARY KEY (`ingredient_id`),
  ADD KEY `pizza_id` (`pizza_id`);

--
-- Indexes for table `PizzaInventory`
--
ALTER TABLE `PizzaInventory`
  ADD PRIMARY KEY (`inventory_id`),
  ADD KEY `pizza_id` (`pizza_id`);

--
-- Indexes for table `PizzaOrders`
--
ALTER TABLE `PizzaOrders`
  ADD PRIMARY KEY (`order_id`);

--
-- Indexes for table `PizzaPricing`
--
ALTER TABLE `PizzaPricing`
  ADD PRIMARY KEY (`pizza_id`);

--
-- Indexes for table `Pizzas`
--
ALTER TABLE `Pizzas`
  ADD PRIMARY KEY (`pizza_id`);

--
-- Constraints for dumped tables
--

--
-- Constraints for table `CustomerOrders`
--
ALTER TABLE `CustomerOrders`
  ADD CONSTRAINT `CustomerOrders_ibfk_1` FOREIGN KEY (`order_id`) REFERENCES `PizzaOrders` (`order_id`),
  ADD CONSTRAINT `CustomerOrders_ibfk_2` FOREIGN KEY (`pizza_id`) REFERENCES `Pizzas` (`pizza_id`);

--
-- Constraints for table `OrderItems`
--
ALTER TABLE `OrderItems`
  ADD CONSTRAINT `OrderItems_ibfk_1` FOREIGN KEY (`order_id`) REFERENCES `PizzaOrders` (`order_id`),
  ADD CONSTRAINT `OrderItems_ibfk_2` FOREIGN KEY (`pizza_id`) REFERENCES `Pizzas` (`pizza_id`);

--
-- Constraints for table `PizzaDetails`
--
ALTER TABLE `PizzaDetails`
  ADD CONSTRAINT `PizzaDetails_ibfk_1` FOREIGN KEY (`pizza_id`) REFERENCES `Pizzas` (`pizza_id`);

--
-- Constraints for table `PizzaIngredients`
--
ALTER TABLE `PizzaIngredients`
  ADD CONSTRAINT `PizzaIngredients_ibfk_1` FOREIGN KEY (`pizza_id`) REFERENCES `Pizzas` (`pizza_id`);

--
-- Constraints for table `PizzaInventory`
--
ALTER TABLE `PizzaInventory`
  ADD CONSTRAINT `PizzaInventory_ibfk_1` FOREIGN KEY (`pizza_id`) REFERENCES `Pizzas` (`pizza_id`);

--
-- Constraints for table `PizzaPricing`
--
ALTER TABLE `PizzaPricing`
  ADD CONSTRAINT `PizzaPricing_ibfk_1` FOREIGN KEY (`pizza_id`) REFERENCES `Pizzas` (`pizza_id`);
COMMIT;

/*!40101 SET CHARACTER_SET_CLIENT=@OLD_CHARACTER_SET_CLIENT */;
/*!40101 SET CHARACTER_SET_RESULTS=@OLD_CHARACTER_SET_RESULTS */;
/*!40101 SET COLLATION_CONNECTION=@OLD_COLLATION_CONNECTION */;
